-- MySQL dump 10.13  Distrib 5.7.17, for Win64 (x86_64)
--
-- Host: 159.89.19.132    Database: fog
-- ------------------------------------------------------
-- Server version	5.7.22-0ubuntu0.17.10.1

/*!40101 SET @OLD_CHARACTER_SET_CLIENT=@@CHARACTER_SET_CLIENT */;
/*!40101 SET @OLD_CHARACTER_SET_RESULTS=@@CHARACTER_SET_RESULTS */;
/*!40101 SET @OLD_COLLATION_CONNECTION=@@COLLATION_CONNECTION */;
/*!40101 SET NAMES utf8 */;
/*!40103 SET @OLD_TIME_ZONE=@@TIME_ZONE */;
/*!40103 SET TIME_ZONE='+00:00' */;
/*!40014 SET @OLD_UNIQUE_CHECKS=@@UNIQUE_CHECKS, UNIQUE_CHECKS=0 */;
/*!40014 SET @OLD_FOREIGN_KEY_CHECKS=@@FOREIGN_KEY_CHECKS, FOREIGN_KEY_CHECKS=0 */;
/*!40101 SET @OLD_SQL_MODE=@@SQL_MODE, SQL_MODE='NO_AUTO_VALUE_ON_ZERO' */;
/*!40111 SET @OLD_SQL_NOTES=@@SQL_NOTES, SQL_NOTES=0 */;

--
-- Current Database: `fog`
--

CREATE DATABASE /*!32312 IF NOT EXISTS*/ `fog` /*!40100 DEFAULT CHARACTER SET utf8 */;

USE `fog`;

--
-- Table structure for table `cladding`
--

DROP TABLE IF EXISTS `cladding`;
/*!40101 SET @saved_cs_client     = @@character_set_client */;
/*!40101 SET character_set_client = utf8 */;
CREATE TABLE `cladding` (
  `idcladding` int(11) NOT NULL AUTO_INCREMENT,
  `name` varchar(45) NOT NULL,
  `description` varchar(280) NOT NULL,
  `price` double DEFAULT NULL,
  PRIMARY KEY (`idcladding`)
) ENGINE=InnoDB AUTO_INCREMENT=47 DEFAULT CHARSET=utf8;
/*!40101 SET character_set_client = @saved_cs_client */;

--
-- Dumping data for table `cladding`
--

LOCK TABLES `cladding` WRITE;
/*!40000 ALTER TABLE `cladding` DISABLE KEYS */;
INSERT INTO `cladding` VALUES (28,'Oak','Oak is the most widely used hardwood. There are more than 60 species of oak grown in the U.S., which can be separated into two basic varieties; white and red. The red variety is also known as black oak (a reference to its bark).\r\n',23),(29,'Maple','There are 115 species of maple. Only 5 commercially important species grow in the U.S. Two of the five are hard rock maple and sugar maple.',3),(30,'Mahogany','Mahogany, also known as Honduras mahogany is a tropical hardwood indigenous to South America, Central America and Africa.',11),(31,'Walnut','Walnut is one of the most versatile and popular cabinet making woods. It grows in Europe, America and Asia. There are many different varieties.',3),(33,'Ash','There are 16 species of ash which grow in the eastern United States. Of these, the white ash is the largest and most commercially important.',1),(34,'Birch','There are many species of birch. The yellow birch is the most commercially important. European birch is fine grained, rare and expensive.',4),(35,'Teak','True teak is indigenous to Southeast Asia, but similar wood species also grow in Africa.',3),(36,'Pine','Pine is a softwood which grows in most areas of the Northern Hemisphere. There are more than 100 species worldwide. ',2),(37,'Cedar','Several species of cedar grow in the southern United States, Central and South America.\r\n\r\n',3),(38,'Redwood','Indigenous to the Pacific United States, redwood trees grow to more than 300 feet tall and 2,500 years old.',6),(39,'Hickory','There are 15 species of hickory in the eastern United States, eight of which are commercially important.',5);
/*!40000 ALTER TABLE `cladding` ENABLE KEYS */;
UNLOCK TABLES;

--
-- Table structure for table `employee`
--

DROP TABLE IF EXISTS `employee`;
/*!40101 SET @saved_cs_client     = @@character_set_client */;
/*!40101 SET character_set_client = utf8 */;
CREATE TABLE `employee` (
  `idemployee` int(11) NOT NULL AUTO_INCREMENT,
  `username` varchar(10) NOT NULL,
  `roleid` int(11) DEFAULT NULL,
  `firstname` varchar(25) NOT NULL,
  `lastname` varchar(20) NOT NULL,
  `password` varchar(45) NOT NULL,
  `email` varchar(45) NOT NULL,
  `employed` tinyint(4) NOT NULL DEFAULT '1',
  `date_created` datetime DEFAULT CURRENT_TIMESTAMP,
  `reset_password` tinyint(4) NOT NULL DEFAULT '1',
  `salt` varchar(45) DEFAULT '',
  PRIMARY KEY (`idemployee`),
  UNIQUE KEY `username_UNIQUE` (`username`),
  UNIQUE KEY `idemployee_UNIQUE` (`idemployee`),
  KEY `fk_employee_role_idx` (`roleid`),
  CONSTRAINT `fk_employee_role` FOREIGN KEY (`roleid`) REFERENCES `role` (`idrole`) ON DELETE SET NULL ON UPDATE CASCADE
) ENGINE=InnoDB AUTO_INCREMENT=128 DEFAULT CHARSET=utf8;
/*!40101 SET character_set_client = @saved_cs_client */;

--
-- Dumping data for table `employee`
--

LOCK TABLES `employee` WRITE;
/*!40000 ALTER TABLE `employee` DISABLE KEYS */;
INSERT INTO `employee` VALUES (1,'ADLA',1,'Adam','Lass','A07C95F97C045139D6F9158DD4F00FF77D3FE64A','adlass97@gmail.com',1,'2018-05-06 20:12:58',0,'dseccwnxfj'),(101,'perlt',3,'Nikolai','Perlt','08B0ED869F00CCBE2C7BE48D8D0EE3FF7945607A','karron11@gmail.com',1,'2018-06-01 11:33:25',1,'wirxhekvwb'),(123,'hansa',3,'Hans','Hansen','018EC3BD73D16E79D7B0CC5D35E318B94B453439','test@asdasd.sk',0,'2018-06-11 13:37:30',1,'ljbapgbbbp'),(124,'admin',3,'admin','admin','FB96595462E15B1E814EA9C784428B0424136067','FogCarportAdm@gmail.com',1,'2018-06-11 14:05:54',0,'aovppjgmtr'),(127,'jesnesne',2,'Jens','Jensen','376D617115AAD82F67065F1807D31F5318EE455A','test@asdasd.sk',0,'2018-06-12 11:43:11',1,'lvugfbvvsl');
/*!40000 ALTER TABLE `employee` ENABLE KEYS */;
UNLOCK TABLES;

--
-- Table structure for table `event`
--

DROP TABLE IF EXISTS `event`;
/*!40101 SET @saved_cs_client     = @@character_set_client */;
/*!40101 SET character_set_client = utf8 */;
CREATE TABLE `event` (
  `idevent` int(11) NOT NULL AUTO_INCREMENT,
  `idevent_type` int(11) NOT NULL,
  `idorder` int(11) DEFAULT NULL,
  `date` datetime DEFAULT CURRENT_TIMESTAMP,
  `employee` int(11) DEFAULT NULL,
  PRIMARY KEY (`idevent`),
  KEY `fk_event_order_idx` (`idorder`),
  KEY `fk_event_event_type_idx` (`idevent_type`),
  KEY `fk_event_employee_idx` (`employee`),
  CONSTRAINT `fk_event_employee` FOREIGN KEY (`employee`) REFERENCES `employee` (`idemployee`) ON DELETE SET NULL ON UPDATE CASCADE,
  CONSTRAINT `fk_event_event_type` FOREIGN KEY (`idevent_type`) REFERENCES `event_type` (`idevent_type`) ON DELETE NO ACTION ON UPDATE NO ACTION,
  CONSTRAINT `fk_event_order` FOREIGN KEY (`idorder`) REFERENCES `order` (`idorder`) ON DELETE SET NULL ON UPDATE CASCADE
) ENGINE=InnoDB AUTO_INCREMENT=1626 DEFAULT CHARSET=utf8;
/*!40101 SET character_set_client = @saved_cs_client */;

--
-- Dumping data for table `event`
--

LOCK TABLES `event` WRITE;
/*!40000 ALTER TABLE `event` DISABLE KEYS */;
INSERT INTO `event` VALUES (10,1,1,'2018-05-08 20:16:12',1),(11,1,1,'2018-05-08 20:16:12',1),(12,1,1,'2018-05-08 21:12:03',NULL),(13,1,1,'2018-05-08 21:12:20',NULL),(14,1,1,'2018-05-08 21:12:27',NULL),(16,1,61,'2018-05-08 21:29:42',NULL),(17,1,62,'2018-05-08 21:36:28',NULL),(18,1,63,'2018-05-08 21:50:30',NULL),(19,1,64,'2018-05-08 21:59:58',NULL),(20,1,65,'2018-05-08 22:11:28',NULL),(21,1,66,'2018-05-08 22:12:27',NULL),(22,1,67,'2018-05-08 22:14:53',NULL),(23,1,68,'2018-05-08 22:15:42',NULL),(24,1,69,'2018-05-08 22:20:43',NULL),(25,1,70,'2018-05-08 22:22:07',NULL),(26,1,71,'2018-05-08 22:23:46',NULL),(27,1,72,'2018-05-08 22:30:18',NULL),(28,1,73,'2018-05-08 22:33:36',NULL),(29,1,74,'2018-05-08 22:34:43',NULL),(30,1,74,'2018-05-08 22:34:43',NULL),(31,1,74,'2018-05-08 22:34:43',NULL),(32,1,75,'2018-05-08 22:38:18',NULL),(33,2,75,'2018-05-08 22:45:37',NULL),(34,1,76,'2018-05-08 22:48:27',NULL),(35,1,77,'2018-05-08 22:49:12',NULL),(36,1,78,'2018-05-08 22:49:43',NULL),(37,1,79,'2018-05-08 22:51:38',NULL),(38,2,79,'2018-05-08 22:53:32',NULL),(39,1,80,'2018-05-08 22:54:45',NULL),(40,1,81,'2018-05-08 22:55:29',NULL),(41,1,82,'2018-05-08 22:57:21',NULL),(42,1,83,'2018-05-08 22:58:37',NULL),(43,1,84,'2018-05-08 23:01:08',NULL),(44,2,84,'2018-05-08 23:01:49',NULL),(45,1,85,'2018-05-09 06:37:29',NULL),(46,2,84,'2018-05-09 06:38:08',NULL),(47,2,85,'2018-05-09 06:38:13',NULL),(48,1,86,'2018-05-09 06:46:52',NULL),(49,2,77,'2018-05-09 07:49:05',NULL),(50,1,87,'2018-05-09 07:57:33',NULL),(51,2,NULL,'2018-05-09 10:00:42',1),(52,2,87,'2018-05-09 10:01:36',NULL),(53,2,86,'2018-05-09 10:01:41',NULL),(54,1,88,'2018-05-09 10:26:16',NULL),(55,1,89,'2018-05-09 10:53:22',NULL),(56,1,90,'2018-05-09 10:55:57',NULL),(57,1,91,'2018-05-09 10:58:53',NULL),(58,1,92,'2018-05-09 11:01:14',NULL),(59,2,91,'2018-05-09 11:11:40',NULL),(60,1,93,'2018-05-09 11:58:01',NULL),(61,1,94,'2018-05-09 12:08:22',NULL),(62,2,94,'2018-05-09 12:13:00',NULL),(63,2,94,'2018-05-09 12:13:25',NULL),(64,2,92,'2018-05-09 14:55:03',NULL),(65,2,94,'2018-05-09 15:02:13',NULL),(66,1,95,'2018-05-09 15:05:19',NULL),(67,2,87,'2018-05-09 15:31:59',NULL),(68,1,96,'2018-05-09 15:59:20',NULL),(69,1,97,'2018-05-09 16:00:42',NULL),(70,1,98,'2018-05-09 16:01:35',NULL),(71,2,98,'2018-05-09 16:05:06',NULL),(72,1,99,'2018-05-09 16:12:30',NULL),(73,2,98,'2018-05-09 16:13:16',NULL),(74,2,99,'2018-05-09 16:13:21',NULL),(75,2,96,'2018-05-09 16:48:30',NULL),(76,5,98,'2018-05-10 10:09:09',NULL),(77,4,98,'2018-05-10 10:09:33',NULL),(78,2,98,'2018-05-10 10:09:49',NULL),(80,1,100,'2018-05-10 15:35:08',NULL),(81,2,100,'2018-05-11 11:41:09',NULL),(82,5,98,'2018-05-11 12:03:50',1),(83,2,98,'2018-05-11 12:04:14',1),(84,5,98,'2018-05-11 12:04:15',1),(85,4,98,'2018-05-11 12:04:18',1),(86,1,101,'2018-05-11 12:04:44',NULL),(87,4,98,'2018-05-11 12:04:50',1),(88,2,101,'2018-05-11 12:04:52',1),(89,3,101,'2018-05-11 12:08:28',1),(90,3,101,'2018-05-11 12:47:37',1),(91,1,102,'2018-05-11 15:55:40',NULL),(92,1,103,'2018-05-11 15:56:43',NULL),(93,1,104,'2018-05-11 15:58:08',NULL),(94,1,105,'2018-05-11 15:59:19',NULL),(95,1,106,'2018-05-11 16:01:39',NULL),(96,1,107,'2018-05-11 16:02:46',NULL),(97,1,108,'2018-05-11 16:03:39',NULL),(98,1,109,'2018-05-11 16:07:22',NULL),(99,1,110,'2018-05-11 16:07:59',NULL),(100,1,111,'2018-05-11 16:09:51',NULL),(101,2,111,'2018-05-11 16:42:02',NULL),(102,1,112,'2018-05-11 18:10:53',NULL),(103,3,110,'2018-05-11 19:35:21',1),(104,2,112,'2018-05-11 19:36:30',NULL),(105,5,112,'2018-05-11 20:02:07',1),(106,4,112,'2018-05-11 20:23:37',NULL),(107,2,112,'2018-05-11 20:23:45',NULL),(108,2,110,'2018-05-11 20:28:57',1),(109,5,110,'2018-05-11 20:29:10',1),(110,4,112,'2018-05-12 10:55:24',1),(111,4,112,'2018-05-12 11:00:40',1),(112,4,112,'2018-05-12 11:06:57',1),(113,4,110,'2018-05-12 11:07:40',1),(114,4,110,'2018-05-12 11:08:12',1),(115,4,109,'2018-05-12 11:08:28',1),(116,4,112,'2018-05-12 11:22:30',1),(117,4,112,'2018-05-12 11:28:12',1),(118,4,112,'2018-05-12 11:29:24',1),(119,4,108,'2018-05-12 11:30:16',1),(120,4,108,'2018-05-12 11:30:26',1),(121,4,108,'2018-05-12 11:30:34',1),(122,4,112,'2018-05-12 12:10:48',1),(123,4,112,'2018-05-12 12:11:56',1),(124,4,112,'2018-05-12 12:12:54',1),(125,4,112,'2018-05-12 12:13:22',1),(126,4,112,'2018-05-12 12:13:26',1),(127,4,112,'2018-05-12 12:14:28',1),(128,4,112,'2018-05-12 12:14:47',1),(129,4,112,'2018-05-12 12:15:46',1),(130,4,107,'2018-05-12 12:16:24',1),(131,4,107,'2018-05-12 12:16:39',1),(132,4,112,'2018-05-12 12:41:20',1),(133,4,112,'2018-05-12 12:56:58',1),(134,4,112,'2018-05-12 13:36:53',1),(135,1,113,'2018-05-12 20:06:42',NULL),(136,4,113,'2018-05-12 20:08:42',1),(137,2,113,'2018-05-12 20:48:44',NULL),(138,5,113,'2018-05-12 20:48:50',NULL),(139,4,113,'2018-05-12 20:49:01',NULL),(143,2,113,'2018-05-12 20:54:50',NULL),(144,5,113,'2018-05-12 20:54:51',NULL),(145,2,113,'2018-05-12 20:54:51',NULL),(146,5,113,'2018-05-12 20:54:52',NULL),(147,2,113,'2018-05-12 20:54:53',NULL),(148,5,113,'2018-05-12 20:54:53',NULL),(149,2,113,'2018-05-12 20:54:54',NULL),(150,5,113,'2018-05-12 20:54:54',NULL),(151,2,113,'2018-05-12 20:54:55',NULL),(152,5,113,'2018-05-12 20:54:55',NULL),(153,2,113,'2018-05-12 20:54:56',NULL),(154,5,113,'2018-05-12 20:54:56',NULL),(155,2,113,'2018-05-12 20:54:57',NULL),(156,5,113,'2018-05-12 20:54:57',NULL),(157,2,113,'2018-05-12 20:54:58',NULL),(158,5,113,'2018-05-12 20:54:58',NULL),(159,7,NULL,'2018-05-12 20:56:10',1),(160,8,NULL,'2018-05-12 20:57:29',1),(162,9,NULL,'2018-05-12 21:00:30',1),(163,2,113,'2018-05-12 21:01:11',NULL),(164,11,NULL,'2018-05-12 21:09:42',1),(165,13,NULL,'2018-05-12 21:09:55',1),(166,12,NULL,'2018-05-12 21:10:09',1),(167,1,114,'2018-05-12 21:35:30',NULL),(168,4,114,'2018-05-12 21:36:07',1),(169,4,114,'2018-05-12 21:36:17',1),(170,11,NULL,'2018-05-12 21:49:39',NULL),(171,13,NULL,'2018-05-12 21:49:46',NULL),(172,11,NULL,'2018-05-12 22:17:45',1),(173,1,115,'2018-05-12 22:27:30',NULL),(174,4,115,'2018-05-12 22:39:04',1),(175,1,118,'2018-05-13 09:39:02',NULL),(176,2,118,'2018-05-13 09:41:34',1),(177,1,119,'2018-05-13 09:49:53',NULL),(178,1,120,'2018-05-13 09:55:33',NULL),(179,4,120,'2018-05-13 09:56:06',1),(180,2,120,'2018-05-13 09:56:28',1),(181,5,120,'2018-05-13 09:56:31',1),(182,2,120,'2018-05-13 09:56:33',1),(183,5,120,'2018-05-13 09:56:55',1),(184,2,120,'2018-05-13 09:57:06',1),(185,7,NULL,'2018-05-13 16:30:01',NULL),(186,8,NULL,'2018-05-13 16:30:17',NULL),(187,9,NULL,'2018-05-13 16:30:23',NULL),(188,10,NULL,'2018-05-13 16:30:30',1),(189,12,NULL,'2018-05-13 18:44:38',1),(190,3,64,'2018-05-13 18:45:27',1),(191,7,NULL,'2018-05-13 19:46:55',1),(192,8,NULL,'2018-05-13 19:49:06',1),(193,8,NULL,'2018-05-13 19:49:11',1),(194,7,NULL,'2018-05-13 19:49:45',1),(195,8,NULL,'2018-05-13 19:50:19',1),(196,9,NULL,'2018-05-13 19:50:59',1),(197,10,NULL,'2018-05-13 20:00:16',NULL),(198,1,121,'2018-05-13 20:13:34',NULL),(199,4,121,'2018-05-13 20:14:44',1),(200,2,121,'2018-05-13 20:15:38',1),(201,5,121,'2018-05-13 20:15:49',1),(202,2,121,'2018-05-13 20:15:57',1),(203,3,119,'2018-05-13 20:18:03',1),(204,13,NULL,'2018-05-13 20:18:22',NULL),(205,11,NULL,'2018-05-13 20:18:30',NULL),(206,12,NULL,'2018-05-13 20:18:35',1),(207,10,NULL,'2018-05-13 20:24:13',1),(208,3,121,'2018-05-14 11:02:54',1),(209,1,NULL,'2018-05-14 11:19:19',NULL),(210,10,NULL,'2018-05-14 11:31:20',1),(211,7,NULL,'2018-05-14 11:32:13',1),(212,4,NULL,'2018-05-14 11:36:03',1),(213,2,NULL,'2018-05-14 11:36:19',1),(214,5,NULL,'2018-05-14 11:36:30',1),(215,4,NULL,'2018-05-14 12:10:52',1),(216,4,NULL,'2018-05-14 12:11:02',1),(217,4,NULL,'2018-05-14 12:11:29',1),(218,9,NULL,'2018-05-14 12:14:21',1),(219,1,NULL,'2018-05-15 07:42:15',NULL),(220,9,NULL,'2018-05-15 07:58:02',1),(221,4,NULL,'2018-05-15 10:37:28',1),(222,4,NULL,'2018-05-15 11:00:57',1),(223,4,NULL,'2018-05-15 11:01:14',1),(224,4,NULL,'2018-05-15 11:01:20',1),(225,4,NULL,'2018-05-15 11:01:47',1),(226,4,NULL,'2018-05-15 11:15:42',1),(227,4,NULL,'2018-05-15 11:16:24',1),(228,4,NULL,'2018-05-15 11:18:46',1),(229,4,NULL,'2018-05-15 11:19:18',1),(230,4,NULL,'2018-05-15 11:24:47',1),(231,4,NULL,'2018-05-15 11:24:55',1),(232,4,NULL,'2018-05-15 11:25:01',1),(233,4,NULL,'2018-05-15 11:25:10',1),(234,4,NULL,'2018-05-15 11:25:18',1),(235,4,NULL,'2018-05-15 11:28:02',1),(236,4,NULL,'2018-05-15 11:29:31',1),(237,12,NULL,'2018-05-15 11:36:18',1),(238,4,NULL,'2018-05-15 11:36:52',1),(239,4,NULL,'2018-05-15 11:40:53',1),(240,4,NULL,'2018-05-15 11:48:06',1),(241,4,NULL,'2018-05-15 11:48:57',1),(242,4,NULL,'2018-05-15 11:49:16',1),(243,10,NULL,'2018-05-15 11:50:23',1),(244,3,NULL,'2018-05-15 12:40:14',1),(245,3,NULL,'2018-05-15 12:41:45',1),(246,1,124,'2018-05-15 15:46:27',NULL),(247,1,125,'2018-05-15 15:48:05',NULL),(248,1,126,'2018-05-15 16:34:43',NULL),(249,1,127,'2018-05-15 16:37:40',NULL),(250,1,128,'2018-05-15 16:39:05',NULL),(251,1,129,'2018-05-15 16:47:15',NULL),(252,1,130,'2018-05-15 16:48:37',NULL),(253,1,131,'2018-05-15 16:50:05',NULL),(254,4,131,'2018-05-15 17:43:54',1),(255,2,119,'2018-05-15 18:31:43',1),(256,9,NULL,'2018-05-15 18:58:23',1),(257,1,132,'2018-05-15 18:59:03',NULL),(258,1,133,'2018-05-15 18:59:52',NULL),(259,8,NULL,'2018-05-15 19:00:50',1),(260,1,134,'2018-05-15 19:02:13',NULL),(261,1,135,'2018-05-15 19:03:44',NULL),(262,1,136,'2018-05-15 19:07:32',NULL),(263,1,137,'2018-05-15 19:30:02',NULL),(264,1,138,'2018-05-15 19:31:11',NULL),(265,1,139,'2018-05-15 19:39:22',NULL),(266,1,140,'2018-05-15 20:24:05',NULL),(267,1,141,'2018-05-15 20:30:31',NULL),(268,1,142,'2018-05-15 20:42:00',NULL),(269,1,143,'2018-05-15 20:47:35',NULL),(270,1,144,'2018-05-15 21:05:04',NULL),(271,11,NULL,'2018-05-15 21:21:12',1),(272,11,NULL,'2018-05-15 21:21:18',1),(273,1,145,'2018-05-15 21:33:51',NULL),(274,1,146,'2018-05-15 21:43:30',NULL),(275,1,147,'2018-05-15 21:48:14',NULL),(276,1,148,'2018-05-16 05:47:49',NULL),(277,1,149,'2018-05-16 07:01:48',NULL),(278,13,NULL,'2018-05-16 07:09:40',1),(279,4,149,'2018-05-16 07:10:44',1),(280,2,149,'2018-05-16 07:22:54',1),(281,5,149,'2018-05-16 07:23:13',1),(282,1,151,'2018-05-16 11:43:09',NULL),(283,4,151,'2018-05-16 11:45:09',1),(284,4,151,'2018-05-16 11:46:15',1),(285,4,151,'2018-05-16 11:47:53',1),(286,2,151,'2018-05-16 11:49:10',1),(287,8,NULL,'2018-05-16 11:53:38',1),(288,8,NULL,'2018-05-16 11:53:48',1),(289,10,NULL,'2018-05-16 11:53:58',1),(290,10,NULL,'2018-05-16 11:54:45',1),(291,1,152,'2018-05-16 15:33:03',NULL),(292,10,NULL,'2018-05-16 15:33:36',NULL),(293,1,NULL,'2018-05-16 19:45:07',NULL),(294,1,154,'2018-05-16 19:46:11',NULL),(295,1,155,'2018-05-16 20:43:36',NULL),(296,2,154,'2018-05-16 20:45:19',1),(297,5,154,'2018-05-16 20:45:21',1),(298,7,NULL,'2018-05-16 20:53:16',1),(299,9,NULL,'2018-05-16 20:53:38',1),(300,1,156,'2018-05-17 07:31:37',NULL),(305,6,NULL,'2018-05-17 07:51:15',1),(306,6,NULL,'2018-05-17 07:54:22',1),(307,6,NULL,'2018-05-17 07:58:33',1),(308,6,NULL,'2018-05-17 07:59:43',1),(309,6,NULL,'2018-05-17 08:02:17',1),(310,6,NULL,'2018-05-17 08:06:42',1),(311,6,NULL,'2018-05-17 08:08:05',1),(312,6,NULL,'2018-05-17 08:09:41',1),(313,6,NULL,'2018-05-17 08:11:18',1),(314,13,NULL,'2018-05-17 08:12:31',1),(315,12,NULL,'2018-05-17 08:12:37',1),(316,12,NULL,'2018-05-17 08:12:40',1),(317,11,NULL,'2018-05-17 08:12:54',1),(318,6,NULL,'2018-05-17 08:18:08',1),(319,1,157,'2018-05-17 08:33:38',NULL),(320,1,NULL,'2018-05-17 08:35:14',NULL),(321,6,NULL,'2018-05-17 08:35:50',1),(322,6,NULL,'2018-05-17 08:37:03',1),(323,6,NULL,'2018-05-17 08:37:34',1),(324,6,NULL,'2018-05-17 08:39:06',1),(325,6,NULL,'2018-05-17 08:39:28',1),(326,6,NULL,'2018-05-17 08:39:49',1),(327,6,NULL,'2018-05-17 08:40:42',1),(328,6,NULL,'2018-05-17 08:41:08',1),(329,6,NULL,'2018-05-17 08:41:21',1),(330,6,NULL,'2018-05-17 08:41:40',1),(331,6,NULL,'2018-05-17 08:42:02',1),(332,6,NULL,'2018-05-17 08:42:09',1),(333,6,NULL,'2018-05-17 08:42:23',1),(334,6,NULL,'2018-05-17 08:42:40',1),(335,6,NULL,'2018-05-17 08:44:51',1),(336,6,NULL,'2018-05-17 08:48:12',1),(337,6,NULL,'2018-05-17 08:51:03',1),(338,3,NULL,'2018-05-17 08:57:47',1),(339,3,NULL,'2018-05-17 08:57:50',1),(340,6,NULL,'2018-05-17 09:01:28',1),(341,6,NULL,'2018-05-17 09:02:30',1),(342,7,NULL,'2018-05-17 09:05:37',1),(343,9,NULL,'2018-05-17 09:05:41',1),(344,8,NULL,'2018-05-17 09:05:48',1),(345,8,NULL,'2018-05-17 09:05:51',1),(346,11,NULL,'2018-05-17 09:06:00',1),(347,13,NULL,'2018-05-17 09:06:05',1),(348,12,NULL,'2018-05-17 09:06:06',1),(349,4,157,'2018-05-17 09:07:08',1),(350,6,NULL,'2018-05-17 09:22:41',NULL),(351,7,NULL,'2018-05-17 09:23:31',NULL),(352,6,NULL,'2018-05-17 09:28:33',NULL),(353,6,NULL,'2018-05-17 09:28:42',NULL),(354,6,NULL,'2018-05-17 09:45:52',NULL),(355,6,NULL,'2018-05-17 09:47:07',NULL),(356,9,NULL,'2018-05-17 09:47:18',NULL),(357,1,163,'2018-05-17 12:33:45',NULL),(358,1,170,'2018-05-17 12:41:35',NULL),(359,6,NULL,'2018-05-17 12:47:17',NULL),(360,6,NULL,'2018-05-17 12:48:24',NULL),(361,6,NULL,'2018-05-17 12:49:54',NULL),(362,6,NULL,'2018-05-17 12:51:03',NULL),(363,6,NULL,'2018-05-17 12:57:23',NULL),(364,1,172,'2018-05-17 14:38:24',NULL),(365,1,174,'2018-05-17 14:39:07',NULL),(366,1,174,'2018-05-17 14:39:13',NULL),(367,6,NULL,'2018-05-17 14:42:53',1),(368,6,NULL,'2018-05-17 14:56:21',1),(369,4,174,'2018-05-17 14:56:45',1),(370,7,NULL,'2018-05-17 14:57:04',1),(371,9,NULL,'2018-05-17 14:57:07',1),(372,12,NULL,'2018-05-17 14:57:31',1),(373,1,175,'2018-05-17 14:58:25',NULL),(374,6,NULL,'2018-05-17 20:54:04',NULL),(375,1,177,'2018-05-17 20:56:20',NULL),(376,6,NULL,'2018-05-17 20:56:31',NULL),(377,2,177,'2018-05-17 20:56:41',NULL),(378,11,NULL,'2018-05-17 20:57:00',NULL),(379,11,NULL,'2018-05-17 20:57:04',NULL),(380,6,NULL,'2018-05-17 20:57:49',NULL),(381,6,NULL,'2018-05-17 20:58:49',NULL),(382,6,NULL,'2018-05-17 21:02:18',NULL),(383,6,NULL,'2018-05-17 21:04:20',NULL),(384,6,NULL,'2018-05-17 21:06:01',NULL),(385,6,NULL,'2018-05-17 21:11:17',NULL),(386,4,169,'2018-05-17 21:11:52',NULL),(387,6,NULL,'2018-05-17 21:14:01',NULL),(388,2,160,'2018-05-17 21:14:08',NULL),(389,2,149,'2018-05-17 21:14:14',NULL),(390,4,169,'2018-05-17 21:14:29',NULL),(391,1,178,'2018-05-17 21:42:50',NULL),(392,6,NULL,'2018-05-17 21:44:11',NULL),(393,2,178,'2018-05-17 21:44:22',NULL),(394,2,165,'2018-05-17 21:46:47',NULL),(395,1,179,'2018-05-18 06:25:35',NULL),(396,6,NULL,'2018-05-18 06:27:28',1),(397,4,179,'2018-05-18 06:28:47',1),(398,2,179,'2018-05-18 06:28:59',1),(399,5,179,'2018-05-18 06:29:06',1),(400,6,NULL,'2018-05-18 06:31:13',1),(401,6,NULL,'2018-05-18 06:32:07',1),(402,13,NULL,'2018-05-18 06:34:12',1),(403,11,NULL,'2018-05-18 06:34:49',1),(404,7,NULL,'2018-05-18 06:36:33',1),(405,6,NULL,'2018-05-18 06:37:37',NULL),(406,6,NULL,'2018-05-18 06:39:05',NULL),(407,9,NULL,'2018-05-18 06:39:12',NULL),(408,6,NULL,'2018-05-18 08:30:59',1),(409,1,180,'2018-05-18 09:21:09',NULL),(410,6,NULL,'2018-05-18 09:21:57',1),(411,2,180,'2018-05-18 09:22:25',1),(412,5,180,'2018-05-18 09:22:36',1),(413,8,NULL,'2018-05-18 09:23:39',1),(414,10,NULL,'2018-05-18 09:23:42',1),(415,6,NULL,'2018-05-18 09:23:54',1),(416,6,NULL,'2018-05-18 12:06:01',NULL),(417,1,186,'2018-05-18 12:11:05',NULL),(418,1,187,'2018-05-18 12:12:36',NULL),(419,6,NULL,'2018-05-18 14:47:19',NULL),(420,11,NULL,'2018-05-18 14:47:34',NULL),(421,12,NULL,'2018-05-18 14:47:38',NULL),(422,12,NULL,'2018-05-18 14:56:30',NULL),(423,6,NULL,'2018-05-18 14:59:41',NULL),(424,11,NULL,'2018-05-18 15:01:07',NULL),(425,12,NULL,'2018-05-18 15:01:10',NULL),(426,12,NULL,'2018-05-18 15:02:15',NULL),(427,6,NULL,'2018-05-18 15:15:48',NULL),(428,6,NULL,'2018-05-18 16:11:02',NULL),(429,6,NULL,'2018-05-18 16:18:17',NULL),(430,6,NULL,'2018-05-18 16:19:28',NULL),(431,6,NULL,'2018-05-18 16:22:01',NULL),(432,8,NULL,'2018-05-18 16:22:09',NULL),(433,6,NULL,'2018-05-18 16:22:50',NULL),(434,8,NULL,'2018-05-18 16:22:56',NULL),(435,8,NULL,'2018-05-18 16:22:58',NULL),(436,6,NULL,'2018-05-18 16:24:54',NULL),(437,8,NULL,'2018-05-18 16:25:48',NULL),(438,8,NULL,'2018-05-18 16:25:49',NULL),(439,8,NULL,'2018-05-18 16:25:50',NULL),(440,8,NULL,'2018-05-18 16:26:00',NULL),(441,8,NULL,'2018-05-18 16:27:39',NULL),(442,9,NULL,'2018-05-18 16:27:45',NULL),(443,9,NULL,'2018-05-18 16:28:15',NULL),(444,6,NULL,'2018-05-18 16:30:55',NULL),(445,6,NULL,'2018-05-18 16:33:15',NULL),(446,6,NULL,'2018-05-18 16:33:52',NULL),(447,6,NULL,'2018-05-18 16:36:30',NULL),(448,9,NULL,'2018-05-18 16:38:06',NULL),(449,9,NULL,'2018-05-18 16:39:27',NULL),(450,6,3,'2018-05-18 16:46:35',NULL),(451,6,3,'2018-05-18 16:49:41',NULL),(452,6,3,'2018-05-18 16:51:03',NULL),(453,6,3,'2018-05-18 16:52:38',NULL),(454,6,3,'2018-05-18 16:53:42',NULL),(455,6,NULL,'2018-05-18 17:38:41',NULL),(456,6,NULL,'2018-05-18 17:40:02',NULL),(457,9,NULL,'2018-05-18 17:43:40',NULL),(458,6,NULL,'2018-05-18 19:11:52',NULL),(459,9,NULL,'2018-05-18 19:12:00',NULL),(460,9,NULL,'2018-05-18 19:13:17',NULL),(461,6,NULL,'2018-05-19 10:29:26',NULL),(462,8,NULL,'2018-05-19 10:29:32',NULL),(463,9,NULL,'2018-05-19 10:29:54',NULL),(464,6,NULL,'2018-05-19 10:44:13',NULL),(465,6,NULL,'2018-05-19 10:55:08',NULL),(466,6,NULL,'2018-05-19 10:59:47',NULL),(467,4,188,'2018-05-19 11:07:03',NULL),(468,4,188,'2018-05-19 11:07:09',NULL),(469,4,188,'2018-05-19 11:07:14',NULL),(470,4,188,'2018-05-19 11:07:34',NULL),(471,4,188,'2018-05-19 11:07:41',NULL),(472,4,188,'2018-05-19 11:08:38',NULL),(473,4,182,'2018-05-19 11:09:06',NULL),(474,4,188,'2018-05-19 11:09:17',NULL),(475,4,188,'2018-05-19 11:09:26',NULL),(476,4,188,'2018-05-19 11:09:45',NULL),(477,4,188,'2018-05-19 11:10:53',NULL),(478,6,NULL,'2018-05-19 11:11:46',NULL),(479,6,NULL,'2018-05-19 11:14:38',NULL),(480,4,188,'2018-05-19 11:14:48',NULL),(481,6,NULL,'2018-05-19 12:00:45',NULL),(482,6,NULL,'2018-05-20 18:52:30',NULL),(483,6,NULL,'2018-05-20 20:28:22',NULL),(484,6,NULL,'2018-05-21 15:50:17',NULL),(485,6,NULL,'2018-05-21 15:50:40',NULL),(486,6,NULL,'2018-05-21 15:51:08',NULL),(487,6,NULL,'2018-05-21 15:51:41',NULL),(488,6,NULL,'2018-05-21 16:01:25',NULL),(489,6,NULL,'2018-05-21 16:30:58',NULL),(490,9,NULL,'2018-05-21 16:31:11',NULL),(491,1,190,'2018-05-21 16:31:40',NULL),(492,6,NULL,'2018-05-21 16:33:15',NULL),(493,1,191,'2018-05-21 16:34:39',NULL),(494,1,192,'2018-05-21 16:52:47',NULL),(495,6,NULL,'2018-05-21 16:53:00',NULL),(496,8,NULL,'2018-05-21 16:53:39',NULL),(497,8,NULL,'2018-05-21 16:53:43',NULL),(498,9,NULL,'2018-05-21 16:54:08',NULL),(499,9,NULL,'2018-05-21 16:54:13',NULL),(500,9,NULL,'2018-05-21 16:54:19',NULL),(501,9,NULL,'2018-05-21 16:54:22',NULL),(502,9,NULL,'2018-05-21 16:54:27',NULL),(503,9,NULL,'2018-05-21 16:54:30',NULL),(504,9,NULL,'2018-05-21 16:54:37',NULL),(505,9,NULL,'2018-05-21 16:54:40',NULL),(506,6,NULL,'2018-05-21 17:54:33',NULL),(507,7,NULL,'2018-05-21 17:54:58',NULL),(508,7,NULL,'2018-05-21 17:55:32',NULL),(509,7,NULL,'2018-05-21 17:55:44',NULL),(510,7,NULL,'2018-05-21 17:56:08',NULL),(511,7,NULL,'2018-05-21 17:56:17',NULL),(512,7,NULL,'2018-05-21 17:56:28',NULL),(513,1,193,'2018-05-21 17:57:02',NULL),(514,1,194,'2018-05-21 17:58:14',NULL),(515,6,NULL,'2018-05-21 18:35:27',NULL),(516,7,NULL,'2018-05-21 18:35:44',NULL),(517,6,NULL,'2018-05-21 18:36:30',NULL),(518,9,NULL,'2018-05-21 18:36:37',NULL),(519,1,196,'2018-05-21 18:37:11',NULL),(520,1,197,'2018-05-21 18:38:15',NULL),(521,1,198,'2018-05-21 18:39:47',NULL),(522,1,199,'2018-05-21 18:49:15',NULL),(523,6,NULL,'2018-05-21 18:57:49',NULL),(524,2,199,'2018-05-21 18:58:40',NULL),(525,1,200,'2018-05-21 19:01:31',NULL),(526,6,NULL,'2018-05-21 19:02:24',NULL),(527,7,NULL,'2018-05-21 19:02:33',NULL),(528,9,NULL,'2018-05-21 19:02:44',NULL),(529,6,NULL,'2018-05-21 19:07:06',NULL),(530,7,NULL,'2018-05-21 19:07:48',NULL),(531,7,NULL,'2018-05-21 19:08:05',NULL),(532,6,NULL,'2018-05-21 19:08:50',NULL),(533,7,NULL,'2018-05-21 19:09:00',NULL),(534,6,NULL,'2018-05-21 19:09:31',NULL),(535,7,NULL,'2018-05-21 19:09:50',NULL),(536,6,NULL,'2018-05-21 19:13:55',NULL),(537,6,NULL,'2018-05-21 19:19:56',NULL),(538,6,NULL,'2018-05-21 19:21:19',NULL),(539,4,200,'2018-05-21 19:21:54',NULL),(540,1,201,'2018-05-21 19:23:13',NULL),(541,6,NULL,'2018-05-22 07:27:36',NULL),(542,1,202,'2018-05-22 07:29:10',NULL),(543,6,NULL,'2018-05-22 08:23:39',NULL),(544,6,NULL,'2018-05-22 08:28:58',NULL),(545,9,NULL,'2018-05-22 08:29:41',NULL),(546,9,NULL,'2018-05-22 08:36:28',NULL),(547,6,NULL,'2018-05-22 09:13:26',NULL),(548,12,NULL,'2018-05-22 09:18:42',NULL),(549,4,202,'2018-05-22 09:19:04',NULL),(550,4,190,'2018-05-22 09:48:05',NULL),(551,9,NULL,'2018-05-22 09:48:26',NULL),(552,1,203,'2018-05-22 09:53:45',NULL),(553,6,NULL,'2018-05-22 09:53:51',NULL),(554,1,204,'2018-05-22 13:06:55',NULL),(555,1,NULL,'2018-05-22 16:38:34',NULL),(556,6,NULL,'2018-05-22 16:38:50',NULL),(557,6,NULL,'2018-05-23 10:51:22',1),(558,3,NULL,'2018-05-23 10:51:31',1),(559,9,NULL,'2018-05-23 10:52:11',1),(560,6,NULL,'2018-05-23 15:24:01',1),(561,5,1,'2018-05-23 15:52:48',1),(562,6,NULL,'2018-05-23 21:32:46',NULL),(563,6,NULL,'2018-05-24 11:56:03',1),(564,9,NULL,'2018-05-24 11:56:31',1),(565,6,NULL,'2018-05-24 13:44:27',1),(566,6,NULL,'2018-05-24 13:44:27',1),(567,6,NULL,'2018-05-24 13:57:37',1),(568,1,206,'2018-05-24 14:08:57',NULL),(569,6,NULL,'2018-05-24 14:09:02',1),(570,6,NULL,'2018-05-24 14:11:26',1),(571,6,NULL,'2018-05-24 14:18:39',1),(572,6,NULL,'2018-05-24 14:32:21',1),(573,6,NULL,'2018-05-24 14:36:24',NULL),(574,6,NULL,'2018-05-24 14:43:59',NULL),(575,6,NULL,'2018-05-24 14:46:32',NULL),(576,6,NULL,'2018-05-24 14:53:38',NULL),(577,6,NULL,'2018-05-24 14:56:54',NULL),(578,6,NULL,'2018-05-24 16:33:42',NULL),(579,6,NULL,'2018-05-24 16:33:42',NULL),(580,12,NULL,'2018-05-24 16:34:39',NULL),(581,12,NULL,'2018-05-24 16:34:40',NULL),(582,12,NULL,'2018-05-24 16:34:43',NULL),(583,12,NULL,'2018-05-24 16:34:45',NULL),(584,11,NULL,'2018-05-24 16:35:29',NULL),(585,11,NULL,'2018-05-24 16:36:03',NULL),(586,13,NULL,'2018-05-24 16:36:11',NULL),(587,11,NULL,'2018-05-24 16:37:12',NULL),(588,11,NULL,'2018-05-24 16:37:41',NULL),(589,11,NULL,'2018-05-24 16:38:11',NULL),(590,11,NULL,'2018-05-24 16:38:32',NULL),(591,11,NULL,'2018-05-24 16:38:59',NULL),(592,12,NULL,'2018-05-24 16:39:02',NULL),(593,12,NULL,'2018-05-24 16:39:04',NULL),(594,11,NULL,'2018-05-24 16:40:28',NULL),(595,11,NULL,'2018-05-24 16:41:01',NULL),(596,11,NULL,'2018-05-24 16:41:29',NULL),(597,6,NULL,'2018-05-24 16:42:53',NULL),(598,11,NULL,'2018-05-24 16:43:36',NULL),(599,11,NULL,'2018-05-24 16:45:50',NULL),(600,13,NULL,'2018-05-24 16:46:04',NULL),(601,13,NULL,'2018-05-24 16:46:11',NULL),(602,13,NULL,'2018-05-24 16:46:16',NULL),(603,13,NULL,'2018-05-24 16:46:26',NULL),(604,11,NULL,'2018-05-24 16:47:53',NULL),(605,12,NULL,'2018-05-24 16:48:51',NULL),(606,11,NULL,'2018-05-24 16:49:27',NULL),(607,11,NULL,'2018-05-24 16:50:06',NULL),(608,11,NULL,'2018-05-24 16:50:30',NULL),(609,11,NULL,'2018-05-24 16:50:56',NULL),(610,11,NULL,'2018-05-24 16:51:28',NULL),(611,1,207,'2018-05-24 16:59:15',NULL),(612,1,208,'2018-05-24 17:04:22',NULL),(613,6,NULL,'2018-05-24 18:19:10',NULL),(614,6,NULL,'2018-05-24 18:32:02',NULL),(615,1,209,'2018-05-24 18:45:52',NULL),(616,1,NULL,'2018-05-24 18:54:53',NULL),(617,1,211,'2018-05-24 19:03:28',NULL),(618,6,NULL,'2018-05-24 19:10:46',1),(619,2,211,'2018-05-24 19:10:53',1),(620,6,NULL,'2018-05-24 19:38:58',NULL),(621,13,NULL,'2018-05-24 19:39:03',NULL),(622,1,212,'2018-05-24 21:06:11',NULL),(623,6,NULL,'2018-05-24 21:07:16',NULL),(624,2,212,'2018-05-24 21:07:22',NULL),(625,1,213,'2018-05-25 06:21:16',NULL),(626,6,NULL,'2018-05-25 06:21:35',NULL),(627,9,NULL,'2018-05-25 06:22:21',NULL),(628,6,NULL,'2018-05-25 06:53:56',1),(629,2,213,'2018-05-25 06:56:31',1),(630,5,213,'2018-05-25 06:56:33',1),(631,1,214,'2018-05-25 06:57:35',NULL),(632,6,NULL,'2018-05-25 06:58:51',1),(633,13,NULL,'2018-05-25 06:59:05',1),(634,13,NULL,'2018-05-25 06:59:12',1),(635,13,NULL,'2018-05-25 06:59:48',1),(636,12,NULL,'2018-05-25 06:59:51',1),(637,11,NULL,'2018-05-25 07:00:13',1),(638,12,NULL,'2018-05-25 07:00:16',1),(639,11,NULL,'2018-05-25 07:00:32',1),(640,12,NULL,'2018-05-25 07:00:35',1),(641,4,214,'2018-05-25 07:06:42',1),(642,4,214,'2018-05-25 07:06:55',1),(643,6,NULL,'2018-05-25 09:57:30',NULL),(644,6,NULL,'2018-05-25 09:57:30',NULL),(645,6,NULL,'2018-05-25 10:31:36',NULL),(646,6,NULL,'2018-05-25 11:20:49',1),(647,12,NULL,'2018-05-25 11:20:55',1),(648,12,NULL,'2018-05-25 11:20:57',1),(649,12,NULL,'2018-05-25 11:21:00',1),(650,12,NULL,'2018-05-25 11:21:03',1),(651,12,NULL,'2018-05-25 11:21:07',1),(652,6,NULL,'2018-05-25 11:21:37',1),(653,12,NULL,'2018-05-25 11:21:43',1),(654,12,NULL,'2018-05-25 11:21:44',1),(655,6,NULL,'2018-05-25 11:21:52',1),(656,6,NULL,'2018-05-25 11:36:48',NULL),(657,1,215,'2018-05-26 12:57:51',NULL),(658,6,NULL,'2018-05-26 12:58:53',1),(659,2,215,'2018-05-26 12:59:01',1),(660,6,NULL,'2018-05-27 00:57:53',NULL),(661,6,NULL,'2018-05-27 00:57:53',NULL),(662,6,NULL,'2018-05-27 15:10:25',1),(663,1,216,'2018-05-27 19:26:53',NULL),(664,6,NULL,'2018-05-27 21:12:08',NULL),(665,8,NULL,'2018-05-27 21:12:32',NULL),(666,8,NULL,'2018-05-27 21:12:37',NULL),(667,8,NULL,'2018-05-27 21:13:20',NULL),(668,8,NULL,'2018-05-27 21:14:44',NULL),(669,6,NULL,'2018-05-27 21:15:53',NULL),(670,6,NULL,'2018-05-27 21:15:58',NULL),(671,8,NULL,'2018-05-27 21:16:07',NULL),(672,6,NULL,'2018-05-27 21:17:34',NULL),(673,6,NULL,'2018-05-27 21:17:37',NULL),(674,6,NULL,'2018-05-27 21:17:40',NULL),(675,6,NULL,'2018-05-27 21:18:10',NULL),(676,6,NULL,'2018-05-27 21:30:15',NULL),(677,6,NULL,'2018-05-27 21:31:21',NULL),(678,8,NULL,'2018-05-27 21:34:26',NULL),(679,6,NULL,'2018-05-27 21:34:47',NULL),(680,8,NULL,'2018-05-27 21:35:01',NULL),(681,6,NULL,'2018-05-27 21:35:08',NULL),(682,6,NULL,'2018-05-27 21:36:39',NULL),(683,6,NULL,'2018-05-27 21:44:40',1),(684,8,NULL,'2018-05-27 21:44:53',1),(685,6,NULL,'2018-05-27 21:49:59',NULL),(686,6,NULL,'2018-05-27 21:49:59',NULL),(687,6,NULL,'2018-05-27 21:50:02',NULL),(688,6,NULL,'2018-05-27 21:51:06',NULL),(689,8,NULL,'2018-05-27 21:58:28',NULL),(690,6,NULL,'2018-05-27 22:38:43',1),(691,6,NULL,'2018-05-28 06:31:33',1),(692,6,NULL,'2018-05-28 11:48:59',NULL),(693,6,NULL,'2018-05-28 11:49:06',NULL),(694,6,NULL,'2018-05-28 11:49:21',1),(695,6,NULL,'2018-05-28 11:49:45',1),(696,6,NULL,'2018-05-28 13:10:08',1),(697,1,217,'2018-05-28 15:03:18',NULL),(698,6,NULL,'2018-05-28 15:03:25',NULL),(699,6,NULL,'2018-05-28 15:06:25',NULL),(700,4,217,'2018-05-28 15:06:35',NULL),(701,4,217,'2018-05-28 15:07:17',NULL),(702,4,217,'2018-05-28 15:07:35',NULL),(703,4,217,'2018-05-28 15:07:41',NULL),(704,4,217,'2018-05-28 15:08:25',NULL),(705,4,217,'2018-05-28 15:09:25',NULL),(706,4,217,'2018-05-28 15:09:49',NULL),(707,4,217,'2018-05-28 15:10:35',NULL),(708,4,217,'2018-05-28 15:11:03',NULL),(709,4,217,'2018-05-28 15:11:14',NULL),(710,6,NULL,'2018-05-28 15:11:37',NULL),(711,6,NULL,'2018-05-28 15:20:38',NULL),(712,4,217,'2018-05-28 15:21:40',NULL),(713,6,NULL,'2018-05-28 15:23:06',NULL),(714,4,217,'2018-05-28 15:23:15',NULL),(715,4,217,'2018-05-28 15:23:36',NULL),(716,4,217,'2018-05-28 15:23:48',NULL),(717,4,217,'2018-05-28 15:24:30',NULL),(718,4,217,'2018-05-28 15:24:41',NULL),(719,6,NULL,'2018-05-28 15:25:35',NULL),(720,4,217,'2018-05-28 15:29:45',NULL),(721,4,217,'2018-05-28 15:29:46',NULL),(722,4,217,'2018-05-28 15:30:28',NULL),(723,6,NULL,'2018-05-28 15:56:29',NULL),(724,4,217,'2018-05-28 15:56:41',NULL),(725,6,NULL,'2018-05-28 15:56:53',NULL),(726,4,217,'2018-05-28 15:58:46',NULL),(727,4,217,'2018-05-28 16:25:46',NULL),(728,4,204,'2018-05-28 16:26:45',NULL),(729,4,204,'2018-05-28 16:27:02',NULL),(730,6,NULL,'2018-05-28 16:29:03',NULL),(731,4,NULL,'2018-05-28 16:30:40',NULL),(732,4,NULL,'2018-05-28 16:31:25',NULL),(733,4,NULL,'2018-05-28 16:31:33',NULL),(734,4,NULL,'2018-05-28 16:32:35',NULL),(735,4,NULL,'2018-05-28 16:33:08',NULL),(736,4,NULL,'2018-05-28 16:33:40',NULL),(737,4,NULL,'2018-05-28 16:34:07',NULL),(738,3,NULL,'2018-05-28 16:34:20',NULL),(739,4,217,'2018-05-28 16:34:52',NULL),(740,1,218,'2018-05-28 18:31:32',NULL),(741,6,NULL,'2018-05-28 18:32:34',1),(742,4,218,'2018-05-28 18:33:14',1),(743,4,218,'2018-05-28 18:33:26',1),(744,4,218,'2018-05-28 18:33:43',1),(745,4,218,'2018-05-28 18:34:04',1),(746,1,219,'2018-05-28 18:38:32',NULL),(747,6,NULL,'2018-05-28 18:42:27',NULL),(748,1,220,'2018-05-28 18:43:09',NULL),(749,6,NULL,'2018-05-28 18:45:40',NULL),(750,2,219,'2018-05-28 18:45:57',NULL),(751,2,220,'2018-05-28 18:46:00',NULL),(752,2,218,'2018-05-28 18:51:27',NULL),(753,5,220,'2018-05-28 18:51:31',NULL),(754,6,NULL,'2018-05-28 18:55:20',NULL),(755,6,NULL,'2018-05-28 18:55:21',NULL),(756,6,NULL,'2018-05-28 18:55:49',NULL),(757,1,221,'2018-05-28 19:27:01',NULL),(758,6,NULL,'2018-05-28 19:28:40',NULL),(759,6,NULL,'2018-05-28 19:52:53',NULL),(760,8,NULL,'2018-05-28 19:53:05',NULL),(761,6,NULL,'2018-05-28 20:01:46',NULL),(762,6,NULL,'2018-05-28 20:01:47',NULL),(763,6,NULL,'2018-05-28 20:04:42',NULL),(764,6,NULL,'2018-05-28 20:06:18',NULL),(765,6,NULL,'2018-05-28 20:07:15',NULL),(766,6,NULL,'2018-05-28 21:08:50',NULL),(767,8,NULL,'2018-05-28 21:08:58',NULL),(768,8,NULL,'2018-05-28 21:09:01',NULL),(769,8,NULL,'2018-05-28 21:09:06',NULL),(770,8,NULL,'2018-05-28 21:09:17',NULL),(771,6,NULL,'2018-05-28 21:20:18',NULL),(772,6,NULL,'2018-05-28 21:20:24',NULL),(773,6,NULL,'2018-05-28 21:20:55',NULL),(774,8,NULL,'2018-05-28 21:21:06',NULL),(775,6,NULL,'2018-05-28 21:21:22',NULL),(776,6,NULL,'2018-05-28 21:21:45',NULL),(777,6,NULL,'2018-05-28 21:22:43',NULL),(778,6,NULL,'2018-05-28 21:24:09',NULL),(779,8,NULL,'2018-05-28 21:24:25',NULL),(780,6,NULL,'2018-05-28 21:24:50',NULL),(781,6,NULL,'2018-05-28 21:26:35',NULL),(782,6,NULL,'2018-05-28 21:26:39',NULL),(783,8,NULL,'2018-05-28 21:26:46',NULL),(784,6,NULL,'2018-05-28 21:26:52',NULL),(785,6,NULL,'2018-05-28 21:26:54',NULL),(786,8,NULL,'2018-05-28 21:27:02',NULL),(787,6,NULL,'2018-05-28 21:27:15',NULL),(788,6,NULL,'2018-05-28 21:28:07',NULL),(789,6,NULL,'2018-05-28 21:29:23',NULL),(790,6,NULL,'2018-05-28 21:31:03',NULL),(791,1,222,'2018-05-28 21:41:33',NULL),(792,6,NULL,'2018-05-28 21:41:36',1),(793,4,222,'2018-05-28 21:42:05',1),(794,2,222,'2018-05-28 21:42:22',1),(795,5,222,'2018-05-28 21:42:23',1),(796,4,222,'2018-05-28 21:42:30',1),(797,2,222,'2018-05-28 21:42:52',1),(798,6,NULL,'2018-05-28 21:54:20',NULL),(799,6,NULL,'2018-05-28 22:01:55',NULL),(800,6,NULL,'2018-05-28 22:02:18',NULL),(801,6,NULL,'2018-05-28 22:02:47',NULL),(802,6,NULL,'2018-05-28 22:03:34',NULL),(803,6,NULL,'2018-05-28 22:07:06',NULL),(804,1,223,'2018-05-28 22:39:14',NULL),(805,1,224,'2018-05-28 22:42:43',NULL),(806,6,NULL,'2018-05-28 22:42:50',NULL),(807,13,NULL,'2018-05-28 22:43:09',NULL),(808,4,224,'2018-05-28 22:43:29',NULL),(809,6,NULL,'2018-05-28 22:46:36',NULL),(810,12,NULL,'2018-05-28 22:47:45',NULL),(811,6,NULL,'2018-05-28 22:48:36',NULL),(812,6,NULL,'2018-05-28 22:49:03',NULL),(813,6,NULL,'2018-05-28 22:49:46',NULL),(814,1,225,'2018-05-28 23:49:48',NULL),(815,6,NULL,'2018-05-28 23:50:10',NULL),(816,1,NULL,'2018-05-29 00:03:30',NULL),(817,1,227,'2018-05-29 00:04:20',NULL),(818,1,228,'2018-05-29 00:12:19',NULL),(819,6,NULL,'2018-05-29 00:12:26',NULL),(820,6,NULL,'2018-05-29 00:13:41',NULL),(821,1,229,'2018-05-29 00:30:11',NULL),(822,6,NULL,'2018-05-29 00:31:07',NULL),(823,4,229,'2018-05-29 00:31:16',NULL),(824,4,229,'2018-05-29 00:31:26',NULL),(825,4,229,'2018-05-29 00:31:32',NULL),(826,4,229,'2018-05-29 00:31:40',NULL),(827,4,229,'2018-05-29 00:31:55',NULL),(828,4,229,'2018-05-29 00:32:07',NULL),(829,1,NULL,'2018-05-29 00:33:12',NULL),(830,4,229,'2018-05-29 00:33:44',NULL),(831,4,229,'2018-05-29 00:33:50',NULL),(832,4,NULL,'2018-05-29 00:33:59',NULL),(833,4,NULL,'2018-05-29 00:34:12',NULL),(834,4,NULL,'2018-05-29 00:34:18',NULL),(835,4,NULL,'2018-05-29 00:35:03',NULL),(836,6,NULL,'2018-05-29 00:36:39',NULL),(837,4,NULL,'2018-05-29 00:37:03',NULL),(838,4,NULL,'2018-05-29 00:37:11',NULL),(839,4,NULL,'2018-05-29 00:37:22',NULL),(840,4,NULL,'2018-05-29 00:37:45',NULL),(841,4,NULL,'2018-05-29 00:37:56',NULL),(842,4,204,'2018-05-29 00:39:21',NULL),(843,4,NULL,'2018-05-29 00:39:37',NULL),(844,4,229,'2018-05-29 00:41:42',NULL),(845,6,NULL,'2018-05-29 00:44:44',1),(846,4,227,'2018-05-29 00:45:26',1),(847,4,227,'2018-05-29 00:45:31',1),(848,4,NULL,'2018-05-29 00:46:49',1),(849,4,NULL,'2018-05-29 00:47:07',1),(850,3,NULL,'2018-05-29 00:47:24',1),(851,4,229,'2018-05-29 00:48:15',1),(852,4,229,'2018-05-29 00:48:32',1),(853,1,231,'2018-05-29 09:59:01',NULL),(854,1,232,'2018-05-29 11:33:55',NULL),(855,6,NULL,'2018-05-29 11:34:02',NULL),(856,4,232,'2018-05-29 11:34:50',NULL),(857,4,232,'2018-05-29 11:35:17',NULL),(858,4,232,'2018-05-29 11:35:26',NULL),(859,4,232,'2018-05-29 11:35:47',NULL),(860,12,NULL,'2018-05-29 11:36:20',NULL),(861,11,NULL,'2018-05-29 11:37:01',NULL),(862,1,NULL,'2018-05-29 11:41:20',NULL),(863,6,NULL,'2018-05-29 11:55:47',NULL),(864,6,NULL,'2018-05-29 12:00:51',NULL),(865,6,NULL,'2018-05-29 13:02:55',NULL),(866,2,NULL,'2018-05-29 13:04:19',NULL),(867,2,231,'2018-05-29 13:04:23',NULL),(868,6,NULL,'2018-05-29 14:42:17',1),(869,5,NULL,'2018-05-29 14:55:43',1),(870,2,NULL,'2018-05-29 14:55:46',1),(871,5,NULL,'2018-05-29 15:18:02',1),(872,4,NULL,'2018-05-29 15:18:05',1),(873,6,NULL,'2018-05-29 16:31:14',1),(874,6,NULL,'2018-05-29 17:55:13',1),(875,6,NULL,'2018-05-29 23:58:36',1),(876,6,NULL,'2018-05-30 00:03:52',NULL),(877,6,NULL,'2018-05-30 00:06:41',NULL),(878,6,NULL,'2018-05-30 00:06:58',NULL),(879,6,NULL,'2018-05-30 00:07:18',NULL),(880,6,NULL,'2018-05-30 00:07:35',NULL),(881,6,NULL,'2018-05-30 00:08:04',1),(882,6,NULL,'2018-05-30 00:08:55',1),(883,6,NULL,'2018-05-30 00:15:26',NULL),(884,6,NULL,'2018-05-30 00:15:29',NULL),(885,6,NULL,'2018-05-30 00:15:33',NULL),(886,6,NULL,'2018-05-30 00:15:47',NULL),(887,6,NULL,'2018-05-30 00:18:48',NULL),(888,6,NULL,'2018-05-30 00:18:57',NULL),(889,6,NULL,'2018-05-30 00:19:07',NULL),(890,6,NULL,'2018-05-30 00:19:12',NULL),(891,6,NULL,'2018-05-30 00:20:40',NULL),(892,6,NULL,'2018-05-30 00:20:56',NULL),(893,6,NULL,'2018-05-30 00:21:11',NULL),(894,6,NULL,'2018-05-30 00:22:47',NULL),(895,6,NULL,'2018-05-30 00:22:52',NULL),(896,6,NULL,'2018-05-30 00:23:11',1),(897,6,NULL,'2018-05-30 00:24:25',1),(898,6,NULL,'2018-05-30 00:31:50',1),(899,6,NULL,'2018-05-30 01:04:05',1),(900,6,NULL,'2018-05-30 11:59:54',1),(901,11,NULL,'2018-05-30 12:00:05',1),(902,12,NULL,'2018-05-30 12:00:52',1),(903,6,NULL,'2018-05-30 14:23:49',1),(904,1,NULL,'2018-05-30 16:59:27',NULL),(905,6,NULL,'2018-05-30 16:59:34',NULL),(906,6,NULL,'2018-05-30 23:40:58',NULL),(907,6,NULL,'2018-05-31 12:18:14',1),(908,6,NULL,'2018-05-31 12:19:30',1),(909,6,NULL,'2018-05-31 12:22:21',1),(910,6,NULL,'2018-05-31 12:34:02',1),(911,6,NULL,'2018-05-31 12:35:06',1),(912,6,NULL,'2018-05-31 12:35:25',1),(913,6,NULL,'2018-05-31 12:35:53',1),(914,6,NULL,'2018-05-31 12:43:09',1),(915,6,NULL,'2018-05-31 12:43:19',1),(916,6,NULL,'2018-05-31 12:43:39',1),(917,6,NULL,'2018-05-31 12:45:29',1),(918,6,NULL,'2018-05-31 12:45:51',1),(919,6,NULL,'2018-05-31 12:47:34',1),(920,6,NULL,'2018-05-31 12:47:42',1),(921,6,NULL,'2018-05-31 12:48:02',1),(922,6,NULL,'2018-05-31 12:48:20',1),(923,6,NULL,'2018-05-31 12:48:32',1),(924,6,NULL,'2018-05-31 12:53:57',1),(925,6,NULL,'2018-05-31 12:54:13',1),(926,6,NULL,'2018-05-31 12:54:32',1),(927,6,NULL,'2018-05-31 12:55:19',1),(928,6,NULL,'2018-05-31 12:55:40',1),(929,6,NULL,'2018-05-31 12:55:44',1),(930,6,NULL,'2018-05-31 13:05:05',1),(931,6,NULL,'2018-05-31 13:06:06',1),(932,6,NULL,'2018-05-31 13:11:44',1),(933,6,NULL,'2018-05-31 13:11:55',1),(934,4,NULL,'2018-05-31 14:04:31',1),(935,3,NULL,'2018-05-31 14:05:13',1),(936,6,NULL,'2018-05-31 14:27:50',1),(937,13,NULL,'2018-05-31 14:51:19',1),(938,13,NULL,'2018-05-31 14:51:28',1),(939,13,NULL,'2018-05-31 14:52:05',1),(940,13,NULL,'2018-05-31 14:52:16',1),(941,13,NULL,'2018-05-31 14:52:25',1),(942,8,NULL,'2018-05-31 15:15:03',1),(943,8,NULL,'2018-05-31 15:44:10',1),(944,6,NULL,'2018-05-31 15:46:11',1),(945,6,NULL,'2018-05-31 16:19:17',1),(946,6,NULL,'2018-05-31 16:33:28',1),(947,6,NULL,'2018-05-31 16:34:29',1),(948,6,NULL,'2018-05-31 16:41:24',1),(949,6,NULL,'2018-05-31 16:43:54',1),(950,6,NULL,'2018-05-31 17:06:23',1),(951,6,NULL,'2018-05-31 17:07:23',1),(952,6,NULL,'2018-05-31 17:11:30',1),(953,6,NULL,'2018-05-31 17:18:43',1),(954,6,NULL,'2018-05-31 17:22:52',1),(955,6,NULL,'2018-05-31 17:25:00',1),(956,6,NULL,'2018-05-31 17:27:43',1),(957,6,NULL,'2018-05-31 17:27:43',1),(958,6,NULL,'2018-05-31 17:29:07',1),(959,6,NULL,'2018-05-31 17:32:32',1),(960,6,NULL,'2018-05-31 17:34:28',NULL),(961,6,NULL,'2018-05-31 17:42:25',NULL),(962,6,NULL,'2018-05-31 18:02:01',NULL),(963,6,NULL,'2018-05-31 18:09:16',NULL),(964,6,NULL,'2018-05-31 18:27:25',NULL),(965,6,NULL,'2018-05-31 19:13:11',NULL),(966,6,NULL,'2018-05-31 19:24:19',1),(967,6,NULL,'2018-05-31 19:25:55',1),(968,6,NULL,'2018-05-31 19:25:55',1),(969,6,NULL,'2018-05-31 19:28:18',1),(970,6,NULL,'2018-05-31 19:33:43',1),(971,6,NULL,'2018-05-31 19:34:36',1),(972,6,NULL,'2018-05-31 19:37:37',1),(973,6,NULL,'2018-05-31 19:37:37',1),(974,6,NULL,'2018-05-31 19:54:58',1),(975,6,NULL,'2018-05-31 20:00:51',1),(976,6,NULL,'2018-05-31 20:24:25',1),(977,6,NULL,'2018-05-31 20:35:29',1),(978,6,NULL,'2018-05-31 20:53:25',1),(979,6,NULL,'2018-05-31 20:53:36',1),(980,6,NULL,'2018-05-31 21:01:26',1),(981,6,NULL,'2018-05-31 21:07:23',1),(982,6,NULL,'2018-05-31 21:11:55',1),(983,6,NULL,'2018-05-31 21:13:00',1),(984,6,NULL,'2018-05-31 21:23:41',NULL),(985,6,NULL,'2018-05-31 21:23:57',NULL),(986,6,NULL,'2018-05-31 21:31:30',NULL),(987,6,NULL,'2018-05-31 22:04:13',NULL),(988,6,NULL,'2018-05-31 22:05:07',NULL),(989,6,NULL,'2018-05-31 22:05:59',NULL),(990,6,NULL,'2018-05-31 22:09:44',NULL),(991,6,NULL,'2018-05-31 22:10:36',NULL),(992,6,NULL,'2018-05-31 22:11:25',NULL),(993,6,NULL,'2018-05-31 22:11:55',NULL),(994,6,NULL,'2018-05-31 22:11:57',NULL),(995,4,NULL,'2018-05-31 22:12:39',NULL),(996,4,NULL,'2018-05-31 22:12:43',NULL),(997,6,NULL,'2018-05-31 22:13:45',NULL),(998,6,NULL,'2018-05-31 22:13:48',NULL),(999,6,NULL,'2018-05-31 22:20:22',NULL),(1000,6,NULL,'2018-05-31 22:20:52',NULL),(1001,6,NULL,'2018-05-31 22:21:26',NULL),(1002,6,NULL,'2018-05-31 22:41:30',NULL),(1003,6,NULL,'2018-05-31 22:42:10',NULL),(1004,6,NULL,'2018-05-31 22:45:02',NULL),(1005,1,NULL,'2018-05-31 22:46:21',NULL),(1006,6,NULL,'2018-05-31 22:52:08',NULL),(1007,6,NULL,'2018-05-31 22:54:55',NULL),(1008,6,NULL,'2018-05-31 22:56:47',NULL),(1009,6,NULL,'2018-05-31 22:58:29',NULL),(1010,6,NULL,'2018-05-31 23:45:11',NULL),(1011,6,NULL,'2018-05-31 23:50:09',NULL),(1012,6,NULL,'2018-05-31 23:55:06',NULL),(1013,6,NULL,'2018-06-01 00:01:04',NULL),(1014,8,NULL,'2018-06-01 00:24:02',NULL),(1015,8,NULL,'2018-06-01 00:24:06',NULL),(1016,8,NULL,'2018-06-01 00:24:08',NULL),(1017,8,NULL,'2018-06-01 00:24:11',NULL),(1018,8,NULL,'2018-06-01 00:24:11',NULL),(1019,6,NULL,'2018-06-01 01:03:41',NULL),(1020,6,NULL,'2018-06-01 01:03:43',NULL),(1021,6,NULL,'2018-06-01 01:03:44',NULL),(1022,6,NULL,'2018-06-01 01:03:47',NULL),(1023,6,NULL,'2018-06-01 01:03:48',NULL),(1024,6,NULL,'2018-06-01 01:04:37',NULL),(1025,6,NULL,'2018-06-01 01:05:16',NULL),(1026,6,NULL,'2018-06-01 01:05:17',NULL),(1027,6,NULL,'2018-06-01 01:05:19',NULL),(1028,6,NULL,'2018-06-01 01:05:20',NULL),(1029,6,NULL,'2018-06-01 01:05:25',NULL),(1030,6,NULL,'2018-06-01 01:05:52',NULL),(1031,6,NULL,'2018-06-01 01:05:54',NULL),(1032,6,NULL,'2018-06-01 01:05:55',NULL),(1033,6,NULL,'2018-06-01 01:05:56',NULL),(1034,6,NULL,'2018-06-01 01:15:31',NULL),(1035,6,NULL,'2018-06-01 01:21:53',NULL),(1036,6,NULL,'2018-06-01 01:21:56',NULL),(1037,4,232,'2018-06-01 01:24:58',NULL),(1038,6,NULL,'2018-06-01 01:28:15',NULL),(1039,6,NULL,'2018-06-01 01:28:17',NULL),(1040,6,NULL,'2018-06-01 01:32:43',NULL),(1041,4,217,'2018-06-01 01:33:53',NULL),(1042,4,217,'2018-06-01 01:34:10',NULL),(1043,4,217,'2018-06-01 01:34:26',NULL),(1044,4,217,'2018-06-01 01:34:34',NULL),(1045,4,232,'2018-06-01 01:36:23',NULL),(1046,4,232,'2018-06-01 01:37:59',NULL),(1047,13,NULL,'2018-06-01 01:39:16',NULL),(1048,13,NULL,'2018-06-01 01:39:52',NULL),(1049,6,NULL,'2018-06-01 01:46:54',NULL),(1050,6,NULL,'2018-06-01 01:46:57',NULL),(1051,6,NULL,'2018-06-01 01:52:41',NULL),(1052,6,NULL,'2018-06-01 01:52:42',NULL),(1053,6,NULL,'2018-06-01 08:40:16',NULL),(1054,4,NULL,'2018-06-01 08:40:36',NULL),(1055,4,NULL,'2018-06-01 08:40:47',NULL),(1056,4,NULL,'2018-06-01 08:40:54',NULL),(1057,4,NULL,'2018-06-01 08:40:55',NULL),(1058,6,NULL,'2018-06-01 08:42:33',NULL),(1059,4,NULL,'2018-06-01 08:42:40',NULL),(1060,4,NULL,'2018-06-01 08:42:59',NULL),(1061,4,NULL,'2018-06-01 08:43:32',NULL),(1062,4,NULL,'2018-06-01 08:44:52',NULL),(1063,4,NULL,'2018-06-01 08:45:21',NULL),(1064,4,NULL,'2018-06-01 08:45:27',NULL),(1065,4,NULL,'2018-06-01 08:45:42',NULL),(1066,6,NULL,'2018-06-01 09:57:34',NULL),(1067,4,NULL,'2018-06-01 09:57:55',NULL),(1068,6,NULL,'2018-06-01 10:23:05',NULL),(1069,6,NULL,'2018-06-01 10:23:06',NULL),(1070,6,NULL,'2018-06-01 10:23:34',NULL),(1071,6,NULL,'2018-06-01 10:28:06',NULL),(1072,1,243,'2018-06-01 11:21:43',NULL),(1073,6,NULL,'2018-06-01 11:22:50',NULL),(1074,6,NULL,'2018-06-01 11:23:01',NULL),(1075,6,NULL,'2018-06-01 11:23:26',NULL),(1076,6,NULL,'2018-06-01 11:23:26',NULL),(1077,6,NULL,'2018-06-01 11:23:58',NULL),(1078,6,NULL,'2018-06-01 11:24:13',NULL),(1079,6,NULL,'2018-06-01 11:25:10',NULL),(1080,8,NULL,'2018-06-01 11:25:42',NULL),(1081,6,NULL,'2018-06-01 11:25:46',NULL),(1082,9,NULL,'2018-06-01 11:27:34',NULL),(1083,9,NULL,'2018-06-01 11:27:39',NULL),(1084,9,NULL,'2018-06-01 11:27:45',NULL),(1085,9,NULL,'2018-06-01 11:27:50',NULL),(1086,9,NULL,'2018-06-01 11:27:56',NULL),(1087,9,NULL,'2018-06-01 11:28:02',NULL),(1088,9,NULL,'2018-06-01 11:28:08',NULL),(1089,9,NULL,'2018-06-01 11:29:36',NULL),(1090,6,NULL,'2018-06-01 11:32:25',NULL),(1091,6,NULL,'2018-06-01 11:32:42',NULL),(1092,6,NULL,'2018-06-01 11:33:09',NULL),(1093,7,NULL,'2018-06-01 11:33:26',NULL),(1094,6,NULL,'2018-06-01 11:33:48',101),(1095,6,NULL,'2018-06-01 11:36:27',101),(1096,6,NULL,'2018-06-01 11:37:17',NULL),(1097,6,NULL,'2018-06-01 11:37:19',101),(1098,6,NULL,'2018-06-01 11:37:28',NULL),(1099,6,NULL,'2018-06-01 11:37:40',NULL),(1100,6,NULL,'2018-06-01 11:40:09',101),(1101,6,NULL,'2018-06-01 11:41:57',101),(1102,6,NULL,'2018-06-01 11:42:28',101),(1103,6,NULL,'2018-06-01 11:43:09',NULL),(1104,6,NULL,'2018-06-01 11:43:15',101),(1105,6,NULL,'2018-06-01 11:43:17',101),(1106,6,NULL,'2018-06-01 11:43:40',101),(1107,6,NULL,'2018-06-01 11:43:50',101),(1108,6,NULL,'2018-06-01 11:44:51',101),(1109,6,NULL,'2018-06-01 11:45:00',101),(1110,9,NULL,'2018-06-01 11:45:35',101),(1111,2,229,'2018-06-01 11:46:43',101),(1112,6,NULL,'2018-06-01 11:49:32',101),(1113,6,NULL,'2018-06-01 11:49:34',101),(1114,6,NULL,'2018-06-01 11:49:40',101),(1115,6,NULL,'2018-06-01 11:54:31',101),(1116,6,NULL,'2018-06-01 11:54:41',1),(1117,6,NULL,'2018-06-01 11:55:27',1),(1118,6,NULL,'2018-06-01 11:56:10',1),(1119,6,NULL,'2018-06-01 11:59:57',101),(1120,1,244,'2018-06-01 12:04:14',NULL),(1121,6,NULL,'2018-06-01 12:04:37',NULL),(1122,4,244,'2018-06-01 12:05:38',NULL),(1123,4,244,'2018-06-01 12:05:50',NULL),(1124,4,244,'2018-06-01 12:06:21',NULL),(1125,2,244,'2018-06-01 12:06:30',NULL),(1126,6,NULL,'2018-06-01 12:06:57',101),(1127,6,NULL,'2018-06-01 12:08:11',101),(1128,6,NULL,'2018-06-01 12:09:12',1),(1129,6,NULL,'2018-06-01 12:09:13',1),(1130,6,NULL,'2018-06-01 12:09:18',1),(1131,6,NULL,'2018-06-01 12:09:20',1),(1132,6,NULL,'2018-06-01 12:09:20',1),(1133,6,NULL,'2018-06-01 12:09:47',1),(1134,6,NULL,'2018-06-01 12:10:32',1),(1135,6,NULL,'2018-06-01 12:11:08',NULL),(1136,6,NULL,'2018-06-01 12:11:09',NULL),(1137,6,NULL,'2018-06-01 12:11:10',NULL),(1138,5,244,'2018-06-01 12:11:10',1),(1139,6,NULL,'2018-06-01 12:11:11',NULL),(1140,6,NULL,'2018-06-01 12:11:12',NULL),(1141,6,NULL,'2018-06-01 12:11:13',NULL),(1142,6,NULL,'2018-06-01 12:11:17',NULL),(1143,6,NULL,'2018-06-01 12:11:18',NULL),(1144,4,244,'2018-06-01 12:11:18',1),(1145,6,NULL,'2018-06-01 12:11:23',NULL),(1146,4,244,'2018-06-01 12:11:51',1),(1147,6,NULL,'2018-06-01 12:12:10',1),(1148,4,244,'2018-06-01 12:12:37',1),(1149,4,244,'2018-06-01 12:12:47',1),(1150,11,NULL,'2018-06-01 12:13:26',1),(1151,11,NULL,'2018-06-01 12:14:16',1),(1152,11,NULL,'2018-06-01 12:14:51',1),(1153,6,NULL,'2018-06-01 12:15:13',101),(1154,6,NULL,'2018-06-01 12:16:01',101),(1155,6,NULL,'2018-06-01 12:16:10',1),(1156,6,NULL,'2018-06-01 12:16:43',NULL),(1157,6,NULL,'2018-06-01 12:16:51',101),(1158,11,NULL,'2018-06-01 12:16:52',1),(1159,6,NULL,'2018-06-01 12:16:54',101),(1160,6,NULL,'2018-06-01 12:16:55',101),(1161,12,NULL,'2018-06-01 12:16:55',1),(1162,12,NULL,'2018-06-01 12:16:57',1),(1163,12,NULL,'2018-06-01 12:16:59',1),(1164,12,NULL,'2018-06-01 12:17:00',1),(1165,12,NULL,'2018-06-01 12:17:01',1),(1166,6,NULL,'2018-06-01 12:18:30',1),(1167,8,NULL,'2018-06-01 12:18:38',1),(1168,6,NULL,'2018-06-01 12:19:05',NULL),(1169,8,NULL,'2018-06-01 12:19:10',NULL),(1170,8,NULL,'2018-06-01 12:19:12',NULL),(1171,8,NULL,'2018-06-01 12:19:46',NULL),(1172,8,NULL,'2018-06-01 12:19:55',NULL),(1173,8,NULL,'2018-06-01 12:19:59',NULL),(1174,8,NULL,'2018-06-01 12:20:11',NULL),(1175,8,NULL,'2018-06-01 12:20:14',NULL),(1176,8,NULL,'2018-06-01 12:20:24',NULL),(1177,11,NULL,'2018-06-01 12:20:37',NULL),(1178,13,NULL,'2018-06-01 12:20:40',NULL),(1179,13,NULL,'2018-06-01 12:20:43',NULL),(1180,13,NULL,'2018-06-01 12:20:46',NULL),(1181,12,NULL,'2018-06-01 12:20:54',NULL),(1182,6,NULL,'2018-06-01 12:26:22',NULL),(1183,6,NULL,'2018-06-01 12:26:23',NULL),(1184,6,NULL,'2018-06-01 12:26:24',NULL),(1185,1,245,'2018-06-01 12:39:42',NULL),(1186,6,NULL,'2018-06-01 12:39:47',NULL),(1187,6,NULL,'2018-06-01 12:39:54',NULL),(1188,1,NULL,'2018-06-01 12:42:19',NULL),(1189,6,NULL,'2018-06-01 12:42:53',101),(1190,3,NULL,'2018-06-01 12:43:38',101),(1191,4,228,'2018-06-01 12:44:03',101),(1192,4,228,'2018-06-01 12:44:08',101),(1193,4,228,'2018-06-01 12:44:19',101),(1194,13,NULL,'2018-06-01 12:44:28',101),(1195,13,NULL,'2018-06-01 12:44:32',101),(1196,13,NULL,'2018-06-01 12:44:35',101),(1197,11,NULL,'2018-06-01 12:44:41',101),(1198,12,NULL,'2018-06-01 12:44:43',101),(1199,11,NULL,'2018-06-01 12:44:58',101),(1200,11,NULL,'2018-06-01 12:45:08',101),(1201,12,NULL,'2018-06-01 12:45:10',101),(1202,13,NULL,'2018-06-01 12:45:15',101),(1203,12,NULL,'2018-06-01 12:45:17',101),(1204,8,NULL,'2018-06-01 12:45:26',101),(1205,8,NULL,'2018-06-01 12:45:29',101),(1206,8,NULL,'2018-06-01 12:45:32',101),(1207,10,NULL,'2018-06-01 12:45:35',101),(1208,9,NULL,'2018-06-01 12:45:41',101),(1209,7,NULL,'2018-06-01 12:46:05',101),(1210,8,NULL,'2018-06-01 12:46:09',101),(1211,9,NULL,'2018-06-01 12:46:11',101),(1212,9,NULL,'2018-06-01 12:46:15',101),(1213,9,NULL,'2018-06-01 12:46:15',101),(1214,10,NULL,'2018-06-01 12:46:19',101),(1215,6,NULL,'2018-06-01 12:46:23',101),(1216,10,NULL,'2018-06-01 12:46:31',101),(1217,6,NULL,'2018-06-01 12:46:37',101),(1218,6,NULL,'2018-06-01 12:46:55',101),(1219,6,NULL,'2018-06-01 12:47:08',101),(1220,10,NULL,'2018-06-01 12:47:12',101),(1221,6,NULL,'2018-06-01 12:47:30',101),(1222,6,NULL,'2018-06-01 12:49:06',101),(1223,6,NULL,'2018-06-01 12:49:39',101),(1224,6,NULL,'2018-06-01 12:49:44',101),(1225,10,NULL,'2018-06-01 12:50:03',101),(1226,6,NULL,'2018-06-01 12:50:09',101),(1227,6,NULL,'2018-06-01 12:50:12',101),(1228,6,NULL,'2018-06-01 12:50:26',101),(1229,6,NULL,'2018-06-01 12:50:28',101),(1230,6,NULL,'2018-06-01 12:50:28',101),(1231,6,NULL,'2018-06-01 12:55:08',NULL),(1232,10,NULL,'2018-06-01 12:55:16',NULL),(1233,6,NULL,'2018-06-01 12:55:23',101),(1234,6,NULL,'2018-06-01 12:55:28',101),(1235,6,NULL,'2018-06-01 12:55:32',101),(1236,6,NULL,'2018-06-01 12:56:17',101),(1237,1,247,'2018-06-01 20:46:13',NULL),(1238,6,NULL,'2018-06-01 20:47:47',NULL),(1239,6,NULL,'2018-06-01 20:48:35',1),(1240,4,247,'2018-06-01 20:50:22',1),(1241,2,247,'2018-06-01 20:50:37',1),(1242,5,247,'2018-06-01 20:50:57',1),(1243,4,247,'2018-06-01 20:51:08',1),(1244,4,247,'2018-06-01 20:51:11',1),(1245,2,247,'2018-06-01 20:51:15',1),(1246,11,NULL,'2018-06-01 20:51:50',1),(1247,13,NULL,'2018-06-01 20:52:06',1),(1248,12,NULL,'2018-06-01 20:52:09',1),(1249,12,NULL,'2018-06-01 20:52:11',1),(1250,10,NULL,'2018-06-01 20:52:21',1),(1251,8,NULL,'2018-06-01 20:52:37',1),(1252,9,NULL,'2018-06-01 20:52:42',1),(1253,9,NULL,'2018-06-01 20:52:45',1),(1254,9,NULL,'2018-06-01 20:52:46',1),(1255,7,NULL,'2018-06-01 20:53:13',1),(1256,6,NULL,'2018-06-01 20:54:25',NULL),(1257,6,NULL,'2018-06-01 20:54:48',NULL),(1258,6,NULL,'2018-06-01 20:56:02',NULL),(1259,6,NULL,'2018-06-01 21:23:22',NULL),(1260,6,NULL,'2018-06-01 21:23:24',NULL),(1261,6,NULL,'2018-06-01 21:26:21',1),(1262,6,NULL,'2018-06-01 21:28:18',1),(1263,6,NULL,'2018-06-01 21:28:33',NULL),(1264,6,NULL,'2018-06-01 21:28:40',NULL),(1265,6,NULL,'2018-06-01 21:28:50',NULL),(1266,6,NULL,'2018-06-02 16:42:23',NULL),(1267,6,NULL,'2018-06-02 16:42:30',NULL),(1268,6,NULL,'2018-06-02 16:42:39',NULL),(1269,6,NULL,'2018-06-02 16:42:51',NULL),(1270,6,NULL,'2018-06-02 16:42:55',NULL),(1271,6,NULL,'2018-06-02 16:43:03',NULL),(1272,6,NULL,'2018-06-02 16:43:30',NULL),(1273,6,NULL,'2018-06-02 16:43:37',1),(1274,6,NULL,'2018-06-02 16:44:11',NULL),(1275,7,NULL,'2018-06-02 16:45:35',NULL),(1276,1,NULL,'2018-06-02 22:26:44',NULL),(1277,6,NULL,'2018-06-02 22:28:44',NULL),(1278,6,NULL,'2018-06-02 22:37:15',NULL),(1279,6,NULL,'2018-06-02 22:37:29',NULL),(1280,6,NULL,'2018-06-02 22:37:44',NULL),(1281,6,NULL,'2018-06-02 22:38:14',NULL),(1282,6,NULL,'2018-06-02 22:38:15',NULL),(1283,6,NULL,'2018-06-02 22:38:17',NULL),(1284,6,NULL,'2018-06-02 22:38:18',NULL),(1285,4,NULL,'2018-06-02 22:39:27',NULL),(1286,2,NULL,'2018-06-02 22:39:46',NULL),(1287,13,NULL,'2018-06-02 22:40:08',NULL),(1288,13,NULL,'2018-06-02 22:40:27',NULL),(1289,11,NULL,'2018-06-02 22:44:06',NULL),(1290,12,NULL,'2018-06-02 22:45:01',NULL),(1291,11,NULL,'2018-06-02 22:46:53',NULL),(1292,12,NULL,'2018-06-02 22:47:33',NULL),(1293,11,NULL,'2018-06-02 22:48:03',NULL),(1294,13,NULL,'2018-06-02 22:49:02',NULL),(1295,13,NULL,'2018-06-02 22:49:30',NULL),(1296,13,NULL,'2018-06-02 22:49:31',NULL),(1297,13,NULL,'2018-06-02 22:49:34',NULL),(1298,13,NULL,'2018-06-02 22:49:39',NULL),(1299,13,NULL,'2018-06-02 22:49:43',NULL),(1300,13,NULL,'2018-06-02 22:49:49',NULL),(1301,12,NULL,'2018-06-02 22:50:37',NULL),(1302,1,NULL,'2018-06-02 22:51:46',NULL),(1303,3,NULL,'2018-06-02 22:51:57',NULL),(1304,1,NULL,'2018-06-02 22:53:28',NULL),(1305,4,NULL,'2018-06-02 22:54:34',NULL),(1306,3,NULL,'2018-06-02 22:54:42',NULL),(1307,5,NULL,'2018-06-02 22:54:48',NULL),(1308,2,244,'2018-06-02 22:54:52',NULL),(1309,2,232,'2018-06-02 22:54:58',NULL),(1310,6,NULL,'2018-06-04 06:01:20',NULL),(1311,6,NULL,'2018-06-04 06:01:23',NULL),(1312,6,NULL,'2018-06-04 06:06:56',NULL),(1313,6,NULL,'2018-06-04 09:18:13',NULL),(1314,6,NULL,'2018-06-04 09:18:26',NULL),(1315,6,NULL,'2018-06-04 09:18:33',NULL),(1316,6,NULL,'2018-06-04 09:19:07',NULL),(1317,6,NULL,'2018-06-04 09:19:09',NULL),(1318,6,NULL,'2018-06-04 09:19:13',NULL),(1319,6,NULL,'2018-06-04 09:19:46',NULL),(1320,6,NULL,'2018-06-04 09:55:48',NULL),(1321,6,NULL,'2018-06-04 09:55:49',NULL),(1322,6,NULL,'2018-06-04 09:55:50',NULL),(1323,6,NULL,'2018-06-04 09:55:51',NULL),(1324,6,NULL,'2018-06-04 09:55:52',NULL),(1325,6,NULL,'2018-06-04 09:55:53',NULL),(1326,6,NULL,'2018-06-04 09:55:54',NULL),(1327,6,NULL,'2018-06-04 09:55:55',NULL),(1328,6,NULL,'2018-06-04 09:55:56',NULL),(1329,6,NULL,'2018-06-04 09:55:57',NULL),(1330,6,NULL,'2018-06-05 10:27:29',NULL),(1331,6,NULL,'2018-06-05 10:27:33',NULL),(1332,1,NULL,'2018-06-05 15:08:35',NULL),(1333,6,NULL,'2018-06-05 15:09:38',NULL),(1334,6,NULL,'2018-06-05 15:09:41',NULL),(1335,6,NULL,'2018-06-06 21:03:40',NULL),(1336,6,NULL,'2018-06-06 21:03:43',NULL),(1337,6,NULL,'2018-06-06 21:03:44',NULL),(1338,6,NULL,'2018-06-06 21:03:45',NULL),(1339,6,NULL,'2018-06-06 21:03:45',NULL),(1340,6,NULL,'2018-06-06 21:03:46',NULL),(1341,6,NULL,'2018-06-06 21:03:47',NULL),(1342,6,NULL,'2018-06-06 21:03:48',NULL),(1343,6,NULL,'2018-06-06 21:03:48',NULL),(1344,6,NULL,'2018-06-06 21:03:49',NULL),(1345,6,NULL,'2018-06-06 21:03:50',NULL),(1346,6,NULL,'2018-06-06 21:03:51',NULL),(1347,6,NULL,'2018-06-06 21:03:51',NULL),(1348,6,NULL,'2018-06-06 21:03:53',NULL),(1349,6,NULL,'2018-06-06 21:03:53',NULL),(1350,6,NULL,'2018-06-06 21:03:54',NULL),(1351,6,NULL,'2018-06-06 21:03:55',NULL),(1352,6,NULL,'2018-06-06 21:03:56',NULL),(1353,6,NULL,'2018-06-06 21:04:07',NULL),(1354,6,NULL,'2018-06-06 21:04:09',NULL),(1355,6,NULL,'2018-06-06 21:06:03',NULL),(1356,9,NULL,'2018-06-06 21:32:06',NULL),(1357,9,NULL,'2018-06-06 21:32:08',NULL),(1358,6,NULL,'2018-06-08 11:41:54',1),(1359,6,NULL,'2018-06-08 11:42:37',1),(1360,6,NULL,'2018-06-08 11:42:38',1),(1361,6,NULL,'2018-06-08 11:42:53',1),(1362,6,NULL,'2018-06-08 11:42:55',1),(1363,6,NULL,'2018-06-08 11:42:56',1),(1364,6,NULL,'2018-06-08 11:42:57',1),(1365,6,NULL,'2018-06-08 11:43:23',1),(1366,3,NULL,'2018-06-08 11:43:29',1),(1367,3,NULL,'2018-06-08 11:47:24',1),(1368,6,NULL,'2018-06-08 11:50:30',1),(1369,6,NULL,'2018-06-08 12:42:26',1),(1370,6,NULL,'2018-06-08 13:41:59',1),(1371,6,NULL,'2018-06-08 13:50:48',1),(1372,6,NULL,'2018-06-08 13:51:59',1),(1373,6,NULL,'2018-06-08 14:28:20',1),(1374,6,NULL,'2018-06-09 13:51:58',1),(1375,6,NULL,'2018-06-09 14:08:14',1),(1376,6,NULL,'2018-06-09 14:17:35',1),(1377,6,NULL,'2018-06-09 14:35:20',NULL),(1378,6,NULL,'2018-06-09 14:35:27',1),(1379,6,NULL,'2018-06-09 18:55:55',NULL),(1380,6,NULL,'2018-06-09 18:55:58',NULL),(1381,1,NULL,'2018-06-10 11:48:06',NULL),(1382,6,NULL,'2018-06-10 11:53:39',NULL),(1383,6,NULL,'2018-06-10 11:58:58',101),(1384,6,NULL,'2018-06-10 12:09:42',101),(1385,10,NULL,'2018-06-10 12:10:00',101),(1386,6,NULL,'2018-06-10 12:10:03',101),(1387,10,NULL,'2018-06-10 12:11:06',101),(1388,6,NULL,'2018-06-10 12:11:15',101),(1389,6,NULL,'2018-06-10 12:11:18',101),(1390,6,NULL,'2018-06-10 12:12:20',101),(1391,11,NULL,'2018-06-10 12:16:49',101),(1392,12,NULL,'2018-06-10 12:18:53',101),(1393,4,NULL,'2018-06-10 12:19:31',101),(1394,12,NULL,'2018-06-10 12:20:02',101),(1395,11,NULL,'2018-06-10 12:20:21',101),(1396,4,NULL,'2018-06-10 12:20:59',101),(1397,4,NULL,'2018-06-10 12:21:05',101),(1398,8,NULL,'2018-06-10 12:23:12',101),(1399,8,NULL,'2018-06-10 12:23:54',101),(1400,4,NULL,'2018-06-10 12:36:56',101),(1401,4,NULL,'2018-06-10 12:37:04',101),(1402,4,NULL,'2018-06-10 12:37:14',101),(1403,4,NULL,'2018-06-10 12:40:03',101),(1404,4,NULL,'2018-06-10 12:40:20',101),(1405,4,NULL,'2018-06-10 12:40:41',101),(1406,4,NULL,'2018-06-10 12:40:52',101),(1407,4,NULL,'2018-06-10 12:42:55',101),(1408,4,NULL,'2018-06-10 12:43:23',101),(1409,4,NULL,'2018-06-10 12:43:30',101),(1410,4,NULL,'2018-06-10 12:44:07',101),(1411,4,NULL,'2018-06-10 12:44:19',101),(1412,4,NULL,'2018-06-10 12:44:50',101),(1413,4,NULL,'2018-06-10 12:46:31',101),(1414,2,NULL,'2018-06-10 12:48:32',101),(1415,3,NULL,'2018-06-10 12:50:12',101),(1416,5,NULL,'2018-06-10 12:51:53',101),(1417,4,NULL,'2018-06-10 12:58:16',101),(1418,12,NULL,'2018-06-10 13:01:14',101),(1419,4,NULL,'2018-06-10 13:01:36',101),(1420,11,NULL,'2018-06-10 13:05:16',101),(1421,4,NULL,'2018-06-10 13:05:26',101),(1422,12,NULL,'2018-06-10 13:05:41',101),(1423,7,NULL,'2018-06-10 13:08:46',101),(1424,8,NULL,'2018-06-10 13:09:03',101),(1425,6,NULL,'2018-06-10 13:12:12',NULL),(1426,10,NULL,'2018-06-10 13:14:13',NULL),(1427,9,NULL,'2018-06-10 13:14:38',NULL),(1428,1,NULL,'2018-06-10 14:47:42',NULL),(1429,1,NULL,'2018-06-10 14:50:30',NULL),(1430,6,NULL,'2018-06-10 14:53:13',1),(1431,6,NULL,'2018-06-10 14:53:37',1),(1432,6,NULL,'2018-06-10 14:53:49',1),(1433,6,NULL,'2018-06-10 14:54:03',1),(1434,8,NULL,'2018-06-10 14:57:39',1),(1435,6,NULL,'2018-06-10 14:57:50',1),(1436,4,NULL,'2018-06-10 15:05:13',1),(1437,4,NULL,'2018-06-10 15:06:13',1),(1438,4,NULL,'2018-06-10 15:06:54',1),(1439,4,NULL,'2018-06-10 15:07:03',1),(1440,4,NULL,'2018-06-10 15:07:19',1),(1441,4,NULL,'2018-06-10 15:07:33',1),(1442,4,NULL,'2018-06-10 15:07:50',1),(1443,6,NULL,'2018-06-10 15:07:55',NULL),(1444,4,NULL,'2018-06-10 15:08:06',1),(1445,4,NULL,'2018-06-10 15:08:06',NULL),(1446,4,NULL,'2018-06-10 15:08:12',NULL),(1447,4,NULL,'2018-06-10 15:08:18',1),(1448,4,NULL,'2018-06-10 15:08:39',1),(1449,4,NULL,'2018-06-10 15:08:51',1),(1450,4,NULL,'2018-06-10 15:09:42',1),(1451,4,NULL,'2018-06-10 15:09:48',1),(1452,4,NULL,'2018-06-10 15:09:59',1),(1453,2,NULL,'2018-06-10 15:10:28',1),(1454,3,NULL,'2018-06-10 15:11:25',1),(1455,6,NULL,'2018-06-10 15:12:36',1),(1456,6,NULL,'2018-06-10 15:13:51',NULL),(1457,11,NULL,'2018-06-10 15:14:23',NULL),(1458,13,NULL,'2018-06-10 15:14:35',NULL),(1459,5,NULL,'2018-06-10 15:14:48',NULL),(1460,4,NULL,'2018-06-10 15:15:03',NULL),(1461,2,NULL,'2018-06-10 15:15:04',NULL),(1462,12,NULL,'2018-06-10 15:15:10',NULL),(1463,5,NULL,'2018-06-10 15:15:16',NULL),(1464,4,NULL,'2018-06-10 15:15:41',NULL),(1465,7,NULL,'2018-06-10 15:17:06',NULL),(1466,10,NULL,'2018-06-10 15:18:59',NULL),(1467,9,NULL,'2018-06-10 15:19:55',NULL),(1468,1,NULL,'2018-06-10 15:30:54',NULL),(1469,6,NULL,'2018-06-10 15:34:42',NULL),(1470,8,NULL,'2018-06-10 15:34:51',NULL),(1471,6,NULL,'2018-06-10 15:36:22',1),(1472,6,NULL,'2018-06-10 15:36:32',1),(1473,6,NULL,'2018-06-10 15:36:53',1),(1474,4,NULL,'2018-06-10 15:42:33',1),(1475,4,NULL,'2018-06-10 15:43:19',1),(1476,4,NULL,'2018-06-10 15:44:13',1),(1477,4,NULL,'2018-06-10 15:44:46',1),(1478,4,NULL,'2018-06-10 15:45:22',1),(1479,4,NULL,'2018-06-10 15:45:41',1),(1480,2,NULL,'2018-06-10 15:46:04',1),(1481,3,NULL,'2018-06-10 15:46:49',1),(1482,6,NULL,'2018-06-10 15:54:26',NULL),(1483,6,NULL,'2018-06-10 15:54:36',NULL),(1484,11,NULL,'2018-06-10 15:54:52',NULL),(1485,13,NULL,'2018-06-10 15:55:04',NULL),(1486,7,NULL,'2018-06-10 15:55:56',NULL),(1487,8,NULL,'2018-06-10 15:57:05',NULL),(1488,10,NULL,'2018-06-10 15:59:12',NULL),(1489,9,NULL,'2018-06-10 15:59:49',NULL),(1490,1,NULL,'2018-06-10 16:10:46',NULL),(1491,6,NULL,'2018-06-10 16:14:18',1),(1492,6,NULL,'2018-06-10 16:14:35',1),(1493,6,NULL,'2018-06-10 16:14:59',1),(1494,4,NULL,'2018-06-10 16:18:55',1),(1495,4,NULL,'2018-06-10 16:19:38',1),(1496,4,NULL,'2018-06-10 16:19:48',1),(1497,4,NULL,'2018-06-10 16:20:56',1),(1498,4,NULL,'2018-06-10 16:21:24',1),(1499,4,NULL,'2018-06-10 16:21:42',1),(1500,4,NULL,'2018-06-10 16:21:48',1),(1501,2,NULL,'2018-06-10 16:22:06',1),(1502,3,NULL,'2018-06-10 16:22:37',1),(1503,6,NULL,'2018-06-10 16:22:59',NULL),(1504,12,NULL,'2018-06-10 16:23:10',NULL),(1505,11,NULL,'2018-06-10 16:23:19',NULL),(1506,13,NULL,'2018-06-10 16:23:34',NULL),(1507,7,NULL,'2018-06-10 16:24:34',NULL),(1508,8,NULL,'2018-06-10 16:25:20',NULL),(1509,10,NULL,'2018-06-10 16:25:28',NULL),(1510,9,NULL,'2018-06-10 16:25:52',NULL),(1511,6,NULL,'2018-06-10 19:44:36',NULL),(1512,6,NULL,'2018-06-11 13:12:46',NULL),(1513,12,NULL,'2018-06-11 13:13:31',NULL),(1514,12,NULL,'2018-06-11 13:13:33',NULL),(1515,8,NULL,'2018-06-11 13:15:52',NULL),(1516,8,NULL,'2018-06-11 13:16:17',NULL),(1517,1,257,'2018-06-11 13:22:50',NULL),(1518,6,NULL,'2018-06-11 13:26:10',1),(1519,6,NULL,'2018-06-11 13:26:24',1),(1520,6,NULL,'2018-06-11 13:26:46',1),(1521,4,257,'2018-06-11 13:31:13',1),(1522,4,257,'2018-06-11 13:31:44',1),(1523,4,257,'2018-06-11 13:31:56',1),(1524,4,257,'2018-06-11 13:32:51',1),(1525,2,257,'2018-06-11 13:33:15',1),(1526,3,NULL,'2018-06-11 13:34:31',1),(1527,3,NULL,'2018-06-11 13:34:35',1),(1528,6,NULL,'2018-06-11 13:34:55',NULL),(1529,11,NULL,'2018-06-11 13:35:20',NULL),(1530,13,NULL,'2018-06-11 13:35:38',NULL),(1531,7,NULL,'2018-06-11 13:37:30',NULL),(1532,8,NULL,'2018-06-11 13:38:05',NULL),(1533,10,NULL,'2018-06-11 13:38:17',NULL),(1534,9,NULL,'2018-06-11 13:38:55',NULL),(1535,6,NULL,'2018-06-11 13:42:25',NULL),(1536,6,NULL,'2018-06-11 14:06:07',124),(1537,6,NULL,'2018-06-11 14:22:25',1),(1538,6,NULL,'2018-06-11 14:22:30',1),(1539,6,NULL,'2018-06-11 19:21:32',1),(1540,6,NULL,'2018-06-11 19:22:39',101),(1541,6,NULL,'2018-06-11 19:23:23',101),(1542,6,NULL,'2018-06-11 19:27:55',1),(1543,6,NULL,'2018-06-11 20:41:42',1),(1544,6,NULL,'2018-06-11 20:42:26',1),(1545,6,NULL,'2018-06-11 20:42:35',1),(1546,6,NULL,'2018-06-11 20:42:38',1),(1547,6,NULL,'2018-06-11 20:43:00',1),(1548,1,NULL,'2018-06-11 20:52:57',NULL),(1549,6,NULL,'2018-06-11 20:54:00',1),(1550,6,NULL,'2018-06-11 20:54:09',1),(1551,6,NULL,'2018-06-11 20:54:32',1),(1552,4,NULL,'2018-06-11 20:56:44',1),(1553,4,NULL,'2018-06-11 20:57:56',1),(1554,4,NULL,'2018-06-11 20:58:06',1),(1555,4,NULL,'2018-06-11 20:58:44',1),(1556,4,NULL,'2018-06-11 20:59:00',1),(1557,6,NULL,'2018-06-11 21:00:05',124),(1558,6,NULL,'2018-06-11 21:01:26',124),(1559,6,NULL,'2018-06-11 21:01:34',124),(1560,1,259,'2018-06-11 21:09:20',NULL),(1561,6,NULL,'2018-06-11 21:17:25',1),(1562,6,NULL,'2018-06-11 21:17:40',1),(1563,6,NULL,'2018-06-11 21:17:55',1),(1564,4,259,'2018-06-11 21:21:44',1),(1565,4,259,'2018-06-11 21:22:15',1),(1566,4,259,'2018-06-11 21:22:36',1),(1567,4,259,'2018-06-11 21:22:54',1),(1568,4,259,'2018-06-11 21:23:10',1),(1569,2,259,'2018-06-11 21:23:34',1),(1570,6,NULL,'2018-06-11 21:24:14',124),(1571,3,NULL,'2018-06-11 21:24:19',124),(1572,6,NULL,'2018-06-11 21:24:28',124),(1573,12,NULL,'2018-06-11 21:24:43',124),(1574,11,NULL,'2018-06-11 21:24:58',124),(1575,13,NULL,'2018-06-11 21:25:15',124),(1576,12,NULL,'2018-06-11 21:25:21',124),(1577,7,NULL,'2018-06-11 21:26:11',124),(1578,8,NULL,'2018-06-11 21:26:50',124),(1579,10,NULL,'2018-06-11 21:27:08',124),(1580,9,NULL,'2018-06-11 21:27:38',124),(1581,6,NULL,'2018-06-11 23:05:33',124),(1582,1,260,'2018-06-12 08:28:41',NULL),(1583,6,NULL,'2018-06-12 08:31:59',1),(1584,6,NULL,'2018-06-12 08:32:16',1),(1585,6,NULL,'2018-06-12 08:32:28',1),(1586,4,260,'2018-06-12 08:36:51',1),(1587,4,260,'2018-06-12 08:37:28',1),(1588,4,260,'2018-06-12 08:37:38',1),(1589,4,260,'2018-06-12 08:38:10',1),(1590,4,260,'2018-06-12 08:38:21',1),(1591,2,260,'2018-06-12 08:38:44',1),(1592,3,NULL,'2018-06-12 08:38:57',1),(1593,6,NULL,'2018-06-12 08:39:21',124),(1594,11,NULL,'2018-06-12 08:39:43',124),(1595,13,NULL,'2018-06-12 08:39:59',124),(1596,12,NULL,'2018-06-12 08:40:12',124),(1597,7,NULL,'2018-06-12 08:41:08',124),(1598,8,NULL,'2018-06-12 08:41:39',124),(1599,10,NULL,'2018-06-12 08:41:50',124),(1600,9,NULL,'2018-06-12 08:42:26',124),(1601,1,NULL,'2018-06-12 09:37:01',NULL),(1602,6,NULL,'2018-06-12 09:37:07',1),(1603,6,NULL,'2018-06-12 09:37:11',1),(1604,4,NULL,'2018-06-12 09:37:29',1),(1605,6,NULL,'2018-06-12 10:22:35',124),(1606,6,NULL,'2018-06-12 10:24:10',124),(1607,1,262,'2018-06-12 11:28:52',NULL),(1608,6,NULL,'2018-06-12 11:31:20',1),(1609,6,NULL,'2018-06-12 11:32:17',1),(1610,6,NULL,'2018-06-12 11:32:30',1),(1611,6,NULL,'2018-06-12 11:32:48',1),(1612,4,262,'2018-06-12 11:36:08',1),(1613,4,262,'2018-06-12 11:36:34',1),(1614,4,262,'2018-06-12 11:36:43',1),(1615,4,262,'2018-06-12 11:39:28',1),(1616,2,262,'2018-06-12 11:40:03',1),(1617,3,NULL,'2018-06-12 11:40:13',1),(1618,6,NULL,'2018-06-12 11:40:45',124),(1619,11,NULL,'2018-06-12 11:41:07',124),(1620,13,NULL,'2018-06-12 11:41:30',124),(1621,12,NULL,'2018-06-12 11:41:33',124),(1622,7,NULL,'2018-06-12 11:43:11',124),(1623,8,NULL,'2018-06-12 11:43:39',124),(1624,10,NULL,'2018-06-12 11:44:18',124),(1625,9,NULL,'2018-06-12 11:44:51',124);
/*!40000 ALTER TABLE `event` ENABLE KEYS */;
UNLOCK TABLES;

--
-- Table structure for table `event_type`
--

DROP TABLE IF EXISTS `event_type`;
/*!40101 SET @saved_cs_client     = @@character_set_client */;
/*!40101 SET character_set_client = utf8 */;
CREATE TABLE `event_type` (
  `idevent_type` int(11) NOT NULL AUTO_INCREMENT,
  `name` varchar(45) NOT NULL,
  `access_level` int(11) NOT NULL DEFAULT '0',
  `title` varchar(45) NOT NULL,
  `description` varchar(205) NOT NULL,
  `statuscolor` varchar(45) NOT NULL DEFAULT '',
  PRIMARY KEY (`idevent_type`)
) ENGINE=InnoDB AUTO_INCREMENT=14 DEFAULT CHARSET=utf8;
/*!40101 SET character_set_client = @saved_cs_client */;

--
-- Dumping data for table `event_type`
--

LOCK TABLES `event_type` WRITE;
/*!40000 ALTER TABLE `event_type` DISABLE KEYS */;
INSERT INTO `event_type` VALUES (1,'Order Created',0,'Request Submitted!','You have received an email with the details of your order. We will contact you once we have processed your request.',''),(2,'Order Confirmed',0,'Order Confirmed','Your order has been comfirmed by one of our employees. You will be contacted regarding the payment soon.','bg-success text-white'),(3,'Order Deleted',0,'Order has been deleted!','Order was deleted.','bg-danger text-white'),(4,'Order Updated',0,'Order updated!','Your order has been updated with new specifications.','bg-warning text-white'),(5,'Order Unconfirmed',0,'Order has been unconfirmed','Your order was unconfirmed by one of our employees. Please contact our support team for more information!','bg-danger text-white'),(6,'Employee Login',2,'Employee logged in','Employee logged in','bg-light text-dark'),(7,'Employee Created',2,'Employee Created','An employee account has been created on the database.',''),(8,'Employee Edited',2,'Employee Edited','An employee has been edited',''),(9,'Employee Fired',2,'Employee Fired','An employee has been fired',''),(10,'Employee Password Reset',2,'Employee password has been reset','An employee password has been reset',''),(11,'Style Created',1,'Style was created','A new style was created and added to the customer customization page!',''),(12,'Style Deleted',1,'A style was deleted','A style was deleted from the customer customization page!',''),(13,'Style Updated',1,'A style was updated','A style was updated.','');
/*!40000 ALTER TABLE `event_type` ENABLE KEYS */;
UNLOCK TABLES;

--
-- Table structure for table `order`
--

DROP TABLE IF EXISTS `order`;
/*!40101 SET @saved_cs_client     = @@character_set_client */;
/*!40101 SET character_set_client = utf8 */;
CREATE TABLE `order` (
  `idorder` int(11) NOT NULL AUTO_INCREMENT,
  `confirmed` tinyint(4) NOT NULL DEFAULT '0',
  `date` datetime DEFAULT CURRENT_TIMESTAMP,
  `firstname` varchar(45) NOT NULL,
  `lastname` varchar(45) DEFAULT NULL,
  `email` varchar(45) NOT NULL,
  `phonenumber` int(11) DEFAULT NULL,
  `length` int(11) NOT NULL,
  `width` int(11) NOT NULL,
  `height` int(11) NOT NULL,
  `roofangle` double DEFAULT NULL,
  `shed` tinyint(4) NOT NULL DEFAULT '0',
  `shed_length` int(11) DEFAULT NULL,
  `shed_width` int(11) DEFAULT NULL,
  `tile` int(11) DEFAULT NULL,
  `cladding` int(11) DEFAULT NULL,
  `price` double NOT NULL DEFAULT '0',
  PRIMARY KEY (`idorder`),
  KEY `fk_order_tile1_idx` (`tile`),
  KEY `fk_order_cladding_idx` (`cladding`),
  CONSTRAINT `fk_order_cladding` FOREIGN KEY (`cladding`) REFERENCES `cladding` (`idcladding`) ON DELETE SET NULL,
  CONSTRAINT `fk_order_tile` FOREIGN KEY (`tile`) REFERENCES `tile` (`idtile`) ON DELETE SET NULL
) ENGINE=InnoDB AUTO_INCREMENT=263 DEFAULT CHARSET=utf8;
/*!40101 SET character_set_client = @saved_cs_client */;

--
-- Dumping data for table `order`
--

LOCK TABLES `order` WRITE;
/*!40000 ALTER TABLE `order` DISABLE KEYS */;
INSERT INTO `order` VALUES (1,0,'2018-05-04 10:27:36','Nioklai','perlt','kd@gmail.com',232,700,600,200,0,0,0,0,NULL,NULL,0),(2,1,'2018-05-04 11:25:04','Adam','Lass','adlass97@gmail.com',20681825,1000,1000,1000,0,0,0,0,NULL,NULL,0),(3,0,'2018-05-04 11:35:41','Adam','Lass','adlass97@gmail.com',20681825,1000,1000,100,45,1,300,600,NULL,NULL,0),(4,1,'2018-05-04 11:48:58','Adam','Lass','adlass97@gmail.com',20681825,700,600,100,0,1,200,540,NULL,NULL,0),(5,0,'2018-05-05 00:19:52','ds','DA','kar.gmail.com',321,100,100,100,0,0,0,0,NULL,NULL,0),(6,1,'2018-05-05 00:19:52','ds','DA','kar.gmail.com',321,100,100,100,0,0,0,0,NULL,NULL,0),(7,0,'2018-05-05 00:19:52','ds','DA','kar.gmail.com',321,100,100,100,0,0,0,0,NULL,NULL,0),(9,1,'2018-05-05 00:19:52','ds','DA','kar.gmail.com',321,100,100,100,0,0,0,0,NULL,NULL,0),(10,0,'2018-05-05 00:19:52','ds','DA','kar.gmail.com',321,100,100,100,0,0,0,0,NULL,NULL,0),(11,0,'2018-05-05 00:19:52','ds','DA','kar.gmail.com',321,100,100,100,0,0,0,0,NULL,NULL,0),(12,0,'2018-05-05 00:19:52','ds','DA','kar.gmail.com',321,700,600,100,0,1,600,500,NULL,NULL,0),(13,0,'2018-05-05 00:19:52','ds','DA','kar.gmail.com',321,100,100,100,0,0,0,0,NULL,NULL,0),(15,0,'2018-05-05 00:19:52','ds','DA','kar.gmail.com',321,100,100,100,0,0,0,0,NULL,NULL,0),(16,1,'2018-05-05 00:19:52','ds','DA','kar.gmail.com',321,100,100,100,0,0,0,0,NULL,NULL,0),(17,1,'2018-05-05 00:19:53','ds','DA','kar.gmail.com',321,100,100,100,0,0,0,0,NULL,NULL,0),(18,0,'2018-05-05 00:19:53','ds','DA','kar.gmail.com',321,100,100,100,0,0,0,0,NULL,NULL,0),(19,1,'2018-05-05 00:19:53','ds','DA','kar.gmail.com',321,100,100,100,0,0,0,0,NULL,NULL,0),(20,1,'2018-05-05 00:19:53','ds','DA','kar.gmail.com',321,100,100,100,0,0,0,0,NULL,NULL,0),(21,0,'2018-05-05 00:19:53','ds','DA','kar.gmail.com',321,100,100,100,0,0,0,0,NULL,NULL,0),(22,0,'2018-05-05 00:19:53','ds','DA','kar.gmail.com',321,100,100,100,0,0,0,0,NULL,NULL,0),(23,0,'2018-05-05 00:19:53','ds','DA','kar.gmail.com',321,100,100,100,0,0,0,0,NULL,NULL,0),(24,1,'2018-05-05 00:19:53','ds','DA','kar.gmail.com',321,100,100,100,0,0,0,0,NULL,NULL,0),(25,0,'2018-05-05 00:19:53','ds','DA','kar.gmail.com',321,100,100,100,0,0,0,0,NULL,NULL,0),(26,1,'2018-05-05 00:19:53','ds','DA','kar.gmail.com',321,100,100,100,0,0,0,0,NULL,NULL,0),(27,1,'2018-05-05 00:19:53','ds','DA','kar.gmail.com',321,100,100,100,0,0,0,0,NULL,NULL,0),(28,1,'2018-05-05 00:19:53','ds','DA','kar.gmail.com',321,100,100,100,0,0,0,0,NULL,NULL,0),(29,0,'2018-05-05 00:19:53','ds','DA','kar.gmail.com',321,100,100,100,0,0,0,0,NULL,NULL,0),(30,1,'2018-05-05 00:19:53','ds','DA','kar.gmail.com',321,100,100,100,0,0,0,0,NULL,NULL,0),(31,0,'2018-05-05 00:19:53','ds','DA','kar.gmail.com',321,100,100,100,0,0,0,0,NULL,NULL,0),(32,0,'2018-05-05 00:19:53','ds','DA','kar.gmail.com',321,100,100,100,0,0,0,0,NULL,NULL,0),(33,0,'2018-05-05 00:19:53','ds','DA','kar.gmail.com',321,100,100,100,0,0,0,0,NULL,NULL,0),(34,0,'2018-05-05 00:19:53','ds','DA','kar.gmail.com',321,100,100,100,0,0,0,0,NULL,NULL,0),(35,1,'2018-05-05 00:19:53','ds','DA','kar.gmail.com',321,100,100,100,0,0,0,0,NULL,NULL,0),(36,0,'2018-05-05 00:19:53','ds','DA','kar.gmail.com',321,100,100,100,0,0,0,0,NULL,NULL,0),(37,0,'2018-05-05 00:19:53','ds','DA','kar.gmail.com',321,100,100,100,0,0,0,0,NULL,NULL,0),(38,0,'2018-05-05 00:19:53','ds','DA','kar.gmail.com',321,100,100,100,0,0,0,0,NULL,NULL,0),(39,0,'2018-05-05 00:19:53','ds','DA','kar.gmail.com',321,100,100,100,0,0,0,0,NULL,NULL,0),(40,1,'2018-05-05 00:19:53','ds','DA','kar.gmail.com',321,100,100,100,0,0,0,0,NULL,NULL,0),(41,0,'2018-05-05 00:19:53','ds','DA','kar.gmail.com',321,100,100,100,0,0,0,0,NULL,NULL,0),(42,0,'2018-05-05 00:19:53','ds','DA','kar.gmail.com',321,100,100,100,0,0,0,0,NULL,NULL,0),(43,1,'2018-05-05 00:19:53','ds','DA','kar.gmail.com',321,100,100,100,0,0,0,0,NULL,NULL,0),(44,0,'2018-05-05 00:19:53','ds','DA','kar.gmail.com',321,100,100,100,0,0,0,0,NULL,NULL,0),(45,0,'2018-05-05 00:19:53','ds','DA','kar.gmail.com',321,100,100,100,0,0,0,0,NULL,NULL,0),(46,0,'2018-05-05 00:19:53','ds','DA','kar.gmail.com',321,100,100,100,0,0,0,0,NULL,NULL,0),(47,0,'2018-05-05 00:19:53','ds','DA','kar.gmail.com',321,100,100,100,0,0,0,0,NULL,NULL,0),(48,0,'2018-05-05 00:19:53','ds','DA','kar.gmail.com',321,100,100,100,0,0,0,0,NULL,NULL,0),(49,0,'2018-05-05 00:19:53','ds','DA','kar.gmail.com',321,100,100,100,0,0,0,0,NULL,NULL,0),(50,1,'2018-05-05 00:19:53','ds','DA','kar.gmail.com',321,100,100,100,0,0,0,0,NULL,NULL,0),(51,0,'2018-05-05 00:19:53','ds','DA','kar.gmail.com',321,100,100,100,0,0,0,0,NULL,NULL,0),(52,0,'2018-05-05 00:19:53','ds','DA','kar.gmail.com',321,100,100,100,0,0,0,0,NULL,NULL,0),(53,0,'2018-05-05 00:19:53','ds','DA','kar.gmail.com',321,100,100,100,0,0,0,0,NULL,NULL,0),(54,0,'2018-05-05 00:19:53','ds','DA','kar.gmail.com',321,100,100,100,0,0,0,0,NULL,NULL,0),(55,1,'2018-05-05 01:49:48','nikop','nioka','karron11ea@gmail.com',232,100,100,100,0,0,0,0,NULL,NULL,0),(56,0,'2018-05-05 12:48:55','nikopp','nikoppp','karron11ea@gmail.com',2321,100,100,500,0,0,0,0,NULL,NULL,0),(57,1,'2018-05-05 13:56:01','dsa','dsa','karron11ea@gmail.com',231,100,100,100,0,0,0,0,NULL,NULL,0),(58,0,'2018-05-07 09:00:52','Adam','Lass','adlass97@gmail.com',20681825,1000,1000,1000,12,1,12,14,NULL,NULL,0),(59,0,'2018-05-07 09:02:26','Adam','Lass','adlass97@gmail.com',20681825,1000,1000,1000,23,0,0,0,NULL,NULL,0),(60,0,'2018-05-08 21:27:52','Adam','Lass','adlass97@gmail.com',20681825,100,100,100,0,0,0,0,NULL,NULL,0),(61,0,'2018-05-08 21:29:42','Adam','Lass','adlass97@gmail.com',20681825,1000,1000,100,0,0,0,0,NULL,NULL,0),(62,0,'2018-05-08 21:36:28','Adam','Lass','adlass97@gmail.com',20681825,1000,1000,100,0,0,0,0,NULL,NULL,0),(63,0,'2018-05-08 21:50:30','Adam','Lass','adlass97@gmail.com',20681825,1000,1000,500,0,0,0,0,NULL,NULL,0),(64,0,'2018-05-08 21:59:58','Adam','Lass','adlass97@gmail.com',20681825,100,100,100,0,0,0,0,NULL,NULL,0),(65,0,'2018-05-08 22:11:28','Adam','Lass','adlass97@gmail.com',20681825,1000,1000,100,0,0,0,0,NULL,NULL,0),(66,0,'2018-05-08 22:12:27','Adam','Lass','adlass97@gmail.com',20681825,1000,1000,100,0,0,0,0,NULL,NULL,0),(67,0,'2018-05-08 22:14:53','Adam','Lass','adlass97@gmail.com',20681825,1000,1000,100,0,0,0,0,NULL,NULL,0),(68,0,'2018-05-08 22:15:42','Adam','Lass','adlass97@gmail.com',20681825,100,100,100,0,0,0,0,NULL,NULL,0),(69,0,'2018-05-08 22:20:43','Adam','Lass','adlass97@gmail.com',20681825,100,100,100,0,0,0,0,NULL,NULL,0),(70,0,'2018-05-08 22:22:07','Adam','Lass','adlass97@gmail.com',20681825,1000,1000,100,0,0,0,0,NULL,NULL,0),(71,0,'2018-05-08 22:23:46','Adam','Lass','adlass97@gmail.com',20681825,100,1000,100,0,0,0,0,NULL,NULL,0),(72,0,'2018-05-08 22:30:18','Adam','Lass','adlass97@gmail.com',20681825,100,1000,100,0,0,0,0,NULL,NULL,0),(73,0,'2018-05-08 22:33:36','Adam','Lass','adlass97@gmail.com',20681825,100,100,100,0,0,0,0,NULL,NULL,0),(74,0,'2018-05-08 22:34:43','Adam','Lass','adlass97@gmail.com',20681825,100,100,100,0,0,0,0,NULL,NULL,0),(75,1,'2018-05-08 22:38:18','Adam','Lass','adlass97@gmail.com',20681825,1212,1212,122,0,0,0,0,NULL,NULL,0),(76,0,'2018-05-08 22:48:27','Adam','Lass','adlass97@gmail.com',20681825,1000,100,100,0,0,0,0,NULL,NULL,0),(77,1,'2018-05-08 22:49:12','Adam','Lass','adlass97@gmail.com',20681825,100,100,100,0,0,0,0,NULL,NULL,0),(78,0,'2018-05-08 22:49:43','Adam','Lass','adlass97@gmail.com',20681825,100,100,100,0,0,0,0,NULL,NULL,0),(79,1,'2018-05-08 22:51:38','Adam','Lass','adlass97@gmail.com',20681825,100,100,100,0,0,0,0,NULL,NULL,0),(80,0,'2018-05-08 22:54:45','Adam','Lass','adlass97@gmail.com',20681825,100,100,100,0,0,0,0,NULL,NULL,0),(81,0,'2018-05-08 22:55:29','Adam','Lass','adlass97@gmail.com',20681825,1000,1000,100,0,0,0,0,NULL,NULL,0),(82,0,'2018-05-08 22:57:21','Adam','Lass','adlass97@gmail.com',20681825,100,100,100,0,0,0,0,NULL,NULL,0),(83,0,'2018-05-08 22:58:37','Adam','Lass','adlass97@gmail.com',20681825,100,100,100,0,0,0,0,NULL,NULL,0),(84,1,'2018-05-08 23:01:08','Adam','Lass','adlass97@gmail.com',20681825,100,100,100,0,0,0,0,NULL,NULL,0),(85,1,'2018-05-09 06:37:29','Adam','Lass','adlass97@gmail.com',20681825,1000,1000,100,0,0,0,0,NULL,NULL,0),(86,1,'2018-05-09 06:46:52','Adam','Lass','adlass97@gmail.com',20681825,1000,1000,100,0,0,0,0,NULL,NULL,0),(87,1,'2018-05-09 07:57:33','Nikolai','perlt','karron11ea@gmail.com',321,500,500,500,0,1,200,200,NULL,NULL,0),(88,0,'2018-05-09 10:26:16','Nikolai','Perlt','karron11ea@gmail.com',231312,200,200,200,0,0,0,0,NULL,NULL,0),(89,0,'2018-05-09 10:53:22','Nikolai','sda','karron11ea@gmail.com',232131,100,100,100,0,1,100,40,NULL,NULL,0),(90,0,'2018-05-09 10:55:57','Nikolai','perlt','karron11ea@gmail.com',12312,100,100,100,0,0,0,0,NULL,NULL,0),(91,1,'2018-05-09 10:58:53','Nikolai','perlt','karron11ea@gmail.com',2312,100,100,100,0,0,0,0,NULL,NULL,0),(92,1,'2018-05-09 11:01:14','Nikolai','perlt','karron11ea@gmail.com',2131,100,100,100,0,0,0,0,NULL,NULL,0),(93,0,'2018-05-09 11:58:01','Adam','Lass','adlass97@gmail.com',20681825,1000,10000,100,0,0,0,0,NULL,NULL,0),(94,1,'2018-05-09 12:08:22','Adam','Lass','adlass97@gmail.com',20681825,1000,1000,100,0,1,200,940,NULL,NULL,0),(95,0,'2018-05-09 15:05:19','Nikolai','Perlt','karron11ea@gmail.com',2321321,100,100,100,0,0,0,0,NULL,NULL,0),(96,1,'2018-05-09 15:59:20','Adam','Lass','adlass97@gmail.com',20681825,1000,1000,100,0,0,0,0,NULL,NULL,0),(97,0,'2018-05-09 16:00:42','Adam','Lass','adlass97@gmail.com',20681825,1000,1000,100,0,1,400,400,NULL,NULL,0),(98,0,'2018-05-09 16:01:35','Adam','Lass','adlass97@gmail.com',20681825,100,100,100,0,0,0,0,NULL,NULL,0),(99,1,'2018-05-09 16:12:30','Adam','Lass','adlass97@gmail.com',20681825,1000,1000,100,0,0,0,0,NULL,NULL,0),(100,1,'2018-05-10 15:35:08','Adam','Lass','adlass97@gmail.com',20681825,180,120,180,2,0,0,0,NULL,NULL,0),(101,1,'2018-05-11 12:04:41','Adam','Lass','adlass97@gmail.com',20681825,1000,1000,100,0,0,0,0,NULL,NULL,0),(102,0,'2018-05-11 15:55:40','niko','dsa','karron11@gmail.com',231312,100,100,100,0,0,0,0,NULL,NULL,0),(103,0,'2018-05-11 15:56:43','Nikolai','perlt','kar.gmail.com',23123,100,100,100,0,0,0,0,NULL,NULL,0),(104,0,'2018-05-11 15:58:08','Nikolai','d','kar.gmail.com',231231,100,100,100,0,0,0,0,NULL,NULL,0),(105,0,'2018-05-11 15:59:19','kar','kar','kar.gmail.com',23132121,100,100,100,0,0,0,0,NULL,NULL,0),(106,0,'2018-05-11 16:01:39','kar','kar','karron11@gmail.com',2312321,100,100,100,0,0,0,0,NULL,NULL,0),(107,0,'2018-05-11 16:02:45','Lars','Larsen','kar.gmail.com',21321321,100,100,100,0,0,0,0,NULL,NULL,0),(108,0,'2018-05-11 16:03:39','Nikolai','Perlt','karron11@gmail.com',232113,100,100,100,0,0,0,0,NULL,NULL,0),(109,0,'2018-05-11 16:07:22','Lars','Lars','dsaiodsahkjdfgfdkg@gmail.com',12321321,100,100,100,0,0,0,0,NULL,NULL,0),(110,0,'2018-05-11 16:07:59','niko','niko','kar.gmail.com',23132131,100,100,100,0,0,0,0,NULL,NULL,0),(111,1,'2018-05-11 16:09:51','Nikolai','perlt','kar.gmail.com',231232131,100,100,110,0,0,0,0,NULL,NULL,0),(112,0,'2018-05-11 18:10:46','Adam','Lass','adlass97@gmail.com',20681825,1000,1000,100,0,0,0,0,NULL,NULL,0),(113,1,'2018-05-12 20:06:37','Adam','Lass','adlass97@gmail.com',20681825,1000,1000,100,0,0,0,0,NULL,NULL,0),(114,0,'2018-05-12 21:35:27','Adam','Lass','adlass97@gmail.com',20681825,100,100,100,0,1,100,40,NULL,NULL,0),(115,0,'2018-05-12 22:27:25','Adam','Lass','adlass97@gmail.com',20681825,10000,100000,100000,1000,0,0,0,NULL,NULL,0),(118,1,'2018-05-13 09:38:58','Adam','Lass','adlass97@gmail.com',20681825,1000,1000,100,0,0,0,0,NULL,NULL,11825),(119,1,'2018-05-13 09:49:49','Adam','Lass','adlass97@gmail.com',20681825,10000,1000,100,0,0,0,0,NULL,NULL,103112),(120,1,'2018-05-13 09:55:32','Adam','Lass','adlass97@gmail.com',12345,1000,1000,100,0,0,0,0,NULL,NULL,11824),(121,1,'2018-05-13 20:13:31','Nikolai','Perlt','karron11ea@gmail.com',280903,200,200,200,0,1,50,140,NULL,NULL,2057),(124,0,'2018-05-15 15:46:21','Adam','Lars','adlass97@gmail.com',20681825,100,1000,100,0,0,0,0,NULL,NULL,4749),(125,0,'2018-05-15 15:48:03','Adam','Lass','adlass97@gmail.com',20681825,1000,1000,100,0,0,0,0,NULL,NULL,13161),(126,0,'2018-05-15 16:34:38','Adam','Lass','adlass97@gmail.com',20681825,100,100,100,0,0,0,0,NULL,NULL,1800),(127,0,'2018-05-15 16:37:37','Adam','Lass','adlass97@gmail.com',20681825,100,100,100,0,0,0,0,NULL,NULL,3037),(128,0,'2018-05-15 16:39:03','Adam','Lass','adlass97@gmail.com',20681825,1000,1000,100,0,0,0,0,NULL,NULL,13161),(129,0,'2018-05-15 16:47:12','Adam','Lass','adlass97@gmail.com',20681825,1000,1000,100,0,0,0,0,NULL,NULL,13161),(130,0,'2018-05-15 16:48:35','Adam','Lass','adlass97@gmail.com',20681825,100,100,100,0,0,0,0,NULL,NULL,3037),(131,0,'2018-05-15 16:50:03','Adam','Lass','adlass97@gmail.com',20681825,100,100,100,0,0,0,0,NULL,NULL,3037),(132,0,'2018-05-15 18:58:54','Adam','Lass','adlass97@gmail.com',20681825,100,100,100,0,0,0,0,NULL,NULL,3037),(133,0,'2018-05-15 18:59:50','Adam','Lass','adlass97@gmail.com',20681825,100,100,100,0,0,0,0,NULL,NULL,3037),(134,0,'2018-05-15 19:02:11','Adam','Lass','adlass97@gmail.com',20681825,1000,100,100,0,0,0,0,NULL,NULL,7152),(135,0,'2018-05-15 19:03:34','Adam','Lass','adlass97@gmail.com',20681825,100,100,100,0,0,0,0,NULL,NULL,3037),(136,0,'2018-05-15 19:07:26','Adam','Lass','adlass97@gmail.com',20681825,100,100,100,0,0,0,0,NULL,NULL,1800),(137,0,'2018-05-15 19:29:51','Adam','Lass','adlass97@gmail.com',20681825,1223,1213,121,0,0,0,0,NULL,NULL,18005),(138,0,'2018-05-15 19:31:05','Adam','Lass','adlass97@gmail.com',20681825,100,1000,100,0,0,0,0,NULL,NULL,4749),(139,0,'2018-05-15 19:39:16','Adam','Lass','adlass97@gmail.com',20681825,100,100,100,0,0,0,0,NULL,NULL,3037),(140,0,'2018-05-15 20:23:56','Adam','Lass','adlass97@gmail.com',20681825,100,100,100,0,0,0,0,NULL,NULL,3037),(141,0,'2018-05-15 20:30:21','Adam','Lass','adlass97@gmail.com',20681825,100,100,100,0,0,0,0,NULL,NULL,3037),(142,0,'2018-05-15 20:41:54','Adam','Lass','adlass97@gmail.com',20681825,100,100,100,0,0,0,0,NULL,NULL,3037),(143,0,'2018-05-15 20:47:28','Adam','Lass','adlass97@gmail.com',20681825,1000,100,100,0,0,0,0,NULL,NULL,5915),(144,0,'2018-05-15 21:04:55','Adam','Lass','adlass97@gmail.com',20681825,100,100,100,0,0,0,0,NULL,NULL,3037),(145,0,'2018-05-15 21:33:46','Adam','Lassd','adlass97@gmail.com',20681825,100,100,100,12,1,131,14,NULL,NULL,92217),(146,0,'2018-05-15 21:43:27','Adam','Lass','adlass97@gmail.com',20681825,1000,1000,100,0,0,0,0,NULL,NULL,13161),(147,0,'2018-05-15 21:48:10','Adam','Lass','adlass97@gmail.com',20681825,2030,4994,100,0,1,56,56,NULL,NULL,174644.09999999998),(148,0,'2018-05-16 05:47:45','Adam','Lass','adlass97@gmail.com',20681825,1000,100,100,0,0,0,0,NULL,NULL,7152),(149,1,'2018-05-16 07:01:42','adam','lass','adam.lass@nespresso.com',1234125412,700,600,100,23,1,200,300,NULL,NULL,8255),(150,0,'2018-05-16 11:24:29','Adam','Lass','adlass',20681825,100010,100010,500,0,1,0,0,NULL,NULL,66631220),(151,1,'2018-05-16 11:43:04','Adam','Lass','adlass97@gmail.com',20681825,1000,100,100,0,0,0,0,NULL,NULL,8000),(152,0,'2018-05-16 15:32:40','NikoP','NikoP','karron11@gmail.com',12321312,100,100,100,0,0,0,0,NULL,NULL,3037),(154,0,'2018-05-16 19:46:05','Adam','Lass','adlass97@gmail.com',20681825,100,100,100,0,0,0,0,NULL,NULL,3037),(155,0,'2018-05-16 20:43:30','Adam','Lass','adlass97@gmail.com',20681825,100,100,100,23,1,100,100,NULL,NULL,14377.4),(156,0,'2018-05-17 07:31:30','Adam','Lass','adlass97@gmail.com',20681825,100,100,100,0,0,0,0,NULL,NULL,3037),(157,0,'2018-05-17 08:33:29','Adam','Lass','adlass97@gmail.com',20681825,100,100,100,0,0,0,0,NULL,NULL,1713),(159,0,'2018-05-17 09:45:20','Nikolai','Larsen','kar@gmail.com',231321,700,600,200,0,0,0,0,NULL,NULL,5179),(160,1,'2018-05-17 09:46:52','kar','kar','karron11@gmail.com',232,100,100,100,0,0,0,0,NULL,NULL,1800),(161,0,'2018-05-17 12:27:56','Nikolai','perlt','kar.gmail.com',1321,100,100,100,0,0,0,0,NULL,NULL,1713),(162,0,'2018-05-17 12:29:36','Nikolai','perlt','kar.gmail.com',2313,100,100,100,0,0,0,0,NULL,NULL,1713),(163,0,'2018-05-17 12:33:36','Nikolai','perlt','kar@gmail.com',231312,100,100,100,0,0,0,0,NULL,NULL,1800),(164,0,'2018-05-17 12:34:53','Nikolai','perlt','kar.gmail.com',2312,100,100,100,0,0,0,0,NULL,NULL,1800),(165,1,'2018-05-17 12:36:15','Nikolai','perlt','kar.gmail.com',23121,100,100,100,0,0,0,0,NULL,NULL,1800),(166,0,'2018-05-17 12:37:31','Nikolai','perlt','kar.gmail.com',2313,100,100,100,0,0,0,0,NULL,NULL,1800),(167,0,'2018-05-17 12:38:47','Nikolai','perlt','kar.gmail.com',321321,100,100,100,0,0,0,0,NULL,NULL,1800),(168,0,'2018-05-17 12:39:40','Nikolai','perlt','kar.gmail.com',321312,100,100,100,0,0,0,0,NULL,NULL,1713),(169,0,'2018-05-17 12:41:10','Nikolai','perlt','kar.gmail.com',321312,100,100,100,0,0,0,0,NULL,NULL,1800),(170,0,'2018-05-17 12:41:26','Nikolai','perlt','kar@gmail.com',321312,100,100,100,0,0,0,0,NULL,NULL,1800),(171,0,'2018-05-17 13:20:44','Nikolai','perlt','kar.gmail.com',32131,100,100,100,0,0,0,0,NULL,NULL,1800),(172,0,'2018-05-17 14:38:15','Adam','Lass','adlass97@gmail.com',20681825,100,100,100,0,0,0,0,NULL,NULL,1800),(173,0,'2018-05-17 14:38:59','Adam','Lass','adlass97@gmail.com',20681825,100,100,100,0,0,0,0,NULL,NULL,1800),(174,0,'2018-05-17 14:39:05','Adam','Lass','adlass97@gmail.com',20681821,100,100,100,0,0,0,0,NULL,NULL,1710),(175,0,'2018-05-17 14:58:21','Adam','Lass','adlass97@gmail.com',20681825,100,100,100,0,0,0,0,NULL,NULL,1713),(176,0,'2018-05-17 20:53:30','Nikolai','perlt','karron11ea@gmail.com',23321,100,100,100,0,0,0,0,NULL,NULL,1713),(177,1,'2018-05-17 20:56:13','Nikolai','perlt','karron11ea@gmail.com',213123,100,100,100,0,0,0,0,NULL,NULL,1800),(178,1,'2018-05-17 21:42:42','Nikolai','perlt','kar@gmail.com',23123,100,100,100,0,0,0,0,NULL,NULL,1800),(179,0,'2018-05-18 06:25:26','Klara','Gr?nh?j','adlass97@gmail.com',20681825,201,300,200,0,0,0,0,NULL,NULL,2261),(180,0,'2018-05-18 09:21:02','Adam','Lars','adlass97@gmail.com',20681825,900,800,210,0,1,200,740,NULL,NULL,64604),(181,0,'2018-05-18 12:05:45','Nikolai','perlt','karron11@gmail.com',231321,700,600,200,0,0,0,0,NULL,NULL,5168),(182,0,'2018-05-18 12:06:21','Nikolai','perlt','karron11@gmail.com',231321,700,600,200,0,0,0,0,NULL,NULL,10000),(183,0,'2018-05-18 12:06:55','Nikolai','perlt','karron11@gmail.com',213132,100,100,100,0,0,0,0,NULL,NULL,1800),(184,0,'2018-05-18 12:07:16','niko','perlt','karron11@gmail.com',23113,100,100,100,0,0,0,0,NULL,NULL,1713),(185,0,'2018-05-18 12:08:33','karr','perlt','karron11@gmail.com',231321,100,100,100,0,0,0,0,NULL,NULL,1713),(186,0,'2018-05-18 12:10:57','niko','OER','karron11@gmail.com',213,100,100,100,0,0,0,0,NULL,NULL,1713),(187,0,'2018-05-18 12:11:50','niko','pelt','karron11@gmail.com',213121,100,100,100,0,0,0,0,NULL,NULL,1800),(188,0,'2018-05-18 15:15:42','Adam','Lass','adlass97',20681825,600,600,100,0,1,200,200,NULL,NULL,20000),(189,0,'2018-05-21 16:30:25','Nikolai','perlt','karron11@gmail.com',321321,100,100,100,0,0,0,0,NULL,NULL,1713),(190,0,'2018-05-21 16:31:21','Nikolai','perlt','karron11@gmail.com',321321,100,100,100,0,1,25,25,NULL,NULL,1713),(191,0,'2018-05-21 16:34:17','kar','kar','karron11@gmail.com',32131,100,100,100,0,0,0,0,NULL,NULL,1800),(192,0,'2018-05-21 16:52:20','Nikolai','perlt','karron11ea@gmail.com',23123,100,100,100,0,0,0,0,NULL,NULL,1702),(193,0,'2018-05-21 17:56:46','Nikolai','perlt','karron11@gmail.com',23322,100,100,100,0,0,0,0,NULL,NULL,1800),(194,0,'2018-05-21 17:58:12','n','n','karron11@gmail.com',2312,100,100,100,0,0,0,0,NULL,NULL,1800),(195,0,'2018-05-21 18:36:06','Nikolai','perlt','karron11@gmail.com',3213,100,100,100,0,0,0,0,NULL,NULL,1713),(196,0,'2018-05-21 18:36:53','Nikolai','perlt','karron11@gmail.com',3213,100,100,100,0,0,0,0,NULL,NULL,1713),(197,0,'2018-05-21 18:37:57','karr','karr','karron11@gmail.com',213213,100,100,100,0,0,0,0,NULL,NULL,1713),(198,0,'2018-05-21 18:38:37','kar','kar','karron11@gmail.com',23132,100,100,100,0,0,0,0,NULL,NULL,1713),(199,1,'2018-05-21 18:49:14','kar','kar','karron11@gmail.com',23131,100,100,100,0,0,0,0,NULL,NULL,1800),(200,0,'2018-05-21 19:01:31','niko','niko','karron11@gmail.com',3213,100,100,100,0,0,0,0,NULL,NULL,1800),(201,0,'2018-05-21 19:23:13','nikol','p','karron11@gmail.com',123,100,100,100,0,0,0,0,NULL,NULL,1800),(202,0,'2018-05-22 07:29:09','Nikolai','Perlt','karron11@gmail.com',111,200,200,200,0,0,0,0,NULL,NULL,2157),(203,0,'2018-05-22 09:53:44','niko','niko','karron11@gmail.com',2131,7000,6000,100,0,1,1000,1000,NULL,NULL,1971775.5),(204,0,'2018-05-22 13:06:55','Adam','Lass','adlass97@gmail.com',20681825,100,100,100,0,1,0,0,24,29,1702),(206,0,'2018-05-24 14:08:56','Adam','Lass','adlass97@gmail.com',20681825,100,100,100,0,0,0,0,NULL,NULL,1702),(207,0,'2018-05-24 16:59:14','Adam','Lass','adlass97@gmail.com',20681825,700,600,210,24,1,290,540,27,29,6875.6),(208,0,'2018-05-24 17:04:21','Adam','Lass','adlass97@gmail.com',20681825,700,600,210,24,1,290,540,24,29,6869.6),(209,0,'2018-05-24 18:45:51','Tilde ','Seide','tilde_s_@hotmail.com',45672539,700,600,210,24,1,290,540,23,28,6513.4),(211,1,'2018-05-24 19:03:28','Tilde ','Seide','tilde_s_@hotmail.com',23905938,700,600,210,24,1,290,540,NULL,36,6512.4),(212,1,'2018-05-24 21:06:10','Nikolai','perlt','karron11@gmail.com',231,100,100,100,0,0,0,0,23,28,1715),(213,0,'2018-05-25 06:21:16','Adam','Lass','adlass97@gmail.com',20681825,100,100,100,0,0,0,0,24,28,1710),(214,0,'2018-05-25 06:57:35','Adam','Lass','adlass97@gmail.com',20681825,100,100,100,0,0,0,0,25,30,2600),(215,1,'2018-05-26 12:57:51','Adam','Lass','adlass97@gmail.com',20681825,1000,100,100,0,0,0,0,25,30,5827),(216,0,'2018-05-27 19:26:53','Adam','Lass','adlass97@gmail.com',20681825,100,100,100,12,0,0,0,26,34,1714),(217,0,'2018-05-28 15:03:17','Adam','Lass','adlass97@gmail.com',20681825,601,1200,100,89,0,0,0,25,NULL,12741),(218,1,'2018-05-28 18:31:32','Adam','Lass','adlass97@gmail.com',20681825,700,600,100,0,0,0,0,27,38,1716),(219,1,'2018-05-28 18:38:32','Adam','Lass','adlass97@gmail.com',20681825,100,100,100,0,0,0,0,24,28,1710),(220,0,'2018-05-28 18:43:08','Adam','Lass','adlass97@gmail.com',20681825,1111,1111,111,0,0,0,0,25,30,13831),(221,0,'2018-05-28 19:27:00','Adam','Lass','adlass97@gmail.com',20681825,999,999,111,0,0,0,0,27,38,11603),(222,1,'2018-05-28 21:41:33','Admin','Admin','FogCarportAdm@gmail.com',12345678,700,600,210,12,1,300,540,27,36,6420),(223,0,'2018-05-28 22:39:13','Adam','Lass','adlass97@gmail.com',20681825,1000,100,100,0,1,1002,100,26,31,8319.3),(224,0,'2018-05-28 22:42:43','Adam','Lass','adlass97@gmail.com',20681825,1000,100,100,0,0,0,0,27,NULL,5847),(225,0,'2018-05-28 23:49:47','Adam','Lass','adlass97@gmail.com',20681825,1000,1000,100,0,1,1000,1000,27,38,18138),(227,0,'2018-05-29 00:04:19','Adam','Lass','adlass97@gmail.com',20681825,1000,100,100,0,0,0,0,26,NULL,5843),(228,0,'2018-05-29 00:12:18','Adam','Lass','adlass97@gmail.com',20681825,200,1000,100,89,1,200,940,27,31,18784),(229,1,'2018-05-29 00:30:11','Adam','Lass','adlass97@gmail.com',20681825,1001,1001,101,0,1,0,0,25,NULL,11872),(231,1,'2018-05-29 09:59:01','adam','lass','adam.lass@nespresso.com',12345678,1000,1000,100,0,0,0,0,25,NULL,11872),(232,1,'2018-05-29 11:33:54','Adam','Lass','adlass97@gmail.com',20681825,1000,1000,100,0,0,0,0,26,NULL,11880),(243,0,'2018-06-01 11:21:42','Nikolai','Perlt','karron11@gmail.com',231321312,700,600,210,45,1,200,540,23,37,6844),(244,1,'2018-06-01 12:04:14','asd','perl','karron11@gmail.com',23123,700,600,210,45,1,200,540,25,28,2345),(245,0,'2018-06-01 12:39:41','Adam','Lass','adlass97@gmail.com',20681825,1000,1000,100,0,0,0,0,23,NULL,11884),(247,1,'2018-06-01 20:46:13','Adam','Lars','adlass97@gmail.com',20681825,900,700,150,30,1,239,320,23,33,5000),(257,1,'2018-06-11 13:22:50','Adam','Lass','adlass97@gmail.com',20681825,700,600,210,45,0,0,0,23,NULL,14000),(259,1,'2018-06-11 21:09:19','Adam','Lass','adlass97@gmail.com',20681825,700,600,210,45,0,0,0,23,NULL,14000),(260,1,'2018-06-12 08:28:41','Adam','Lass','adlass97@gmail.com',20681825,700,600,210,45,0,0,0,24,NULL,14000),(262,1,'2018-06-12 11:28:52','Adam','Lass','adlass97@gmail.com',20681825,700,600,210,45,0,0,0,23,NULL,14000);
/*!40000 ALTER TABLE `order` ENABLE KEYS */;
UNLOCK TABLES;

--
-- Table structure for table `product`
--

DROP TABLE IF EXISTS `product`;
/*!40101 SET @saved_cs_client     = @@character_set_client */;
/*!40101 SET character_set_client = utf8 */;
CREATE TABLE `product` (
  `idproduct` int(11) NOT NULL AUTO_INCREMENT,
  `title` varchar(100) NOT NULL,
  `length` double DEFAULT NULL,
  `unit` varchar(45) NOT NULL DEFAULT '"pcs"',
  `description` varchar(205) NOT NULL,
  `price` double NOT NULL DEFAULT '0',
  PRIMARY KEY (`idproduct`)
) ENGINE=InnoDB AUTO_INCREMENT=9 DEFAULT CHARSET=utf8;
/*!40101 SET character_set_client = @saved_cs_client */;

--
-- Dumping data for table `product`
--

LOCK TABLES `product` WRITE;
/*!40000 ALTER TABLE `product` DISABLE KEYS */;
INSERT INTO `product` VALUES (1,'Rafter',600,'pcs','Used on beam',95),(2,'Beam',600,'pcs','Used together with the poles to support the rafters. This is the end piece!',97),(3,'Beam',600,'pcs','Used together with the poles to support the rafters.',97),(4,'Pole',300,'pcs','Used to support the beams',305),(5,'Cladding',210,'pcs','Cladding used og the shed',0),(6,'Pole',300,'pcs','Purposed for shed.',305),(7,'Lath',540,'pcs','Used for mounting on rafters to hold the roof.',24),(8,'Tile',600,'pcs','Used for roof',0);
/*!40000 ALTER TABLE `product` ENABLE KEYS */;
UNLOCK TABLES;

--
-- Table structure for table `product_line`
--

DROP TABLE IF EXISTS `product_line`;
/*!40101 SET @saved_cs_client     = @@character_set_client */;
/*!40101 SET character_set_client = utf8 */;
CREATE TABLE `product_line` (
  `idproduct_line` int(11) NOT NULL AUTO_INCREMENT,
  `length_used` double DEFAULT NULL,
  `amount` int(11) NOT NULL DEFAULT '0',
  `idproduct` int(11) NOT NULL,
  `idorder` int(11) NOT NULL,
  PRIMARY KEY (`idproduct_line`),
  KEY `fk_line_product_idx` (`idproduct`),
  KEY `fk_line_order_idx` (`idorder`),
  CONSTRAINT `fk_line_order` FOREIGN KEY (`idorder`) REFERENCES `order` (`idorder`) ON DELETE CASCADE ON UPDATE CASCADE,
  CONSTRAINT `fk_line_product` FOREIGN KEY (`idproduct`) REFERENCES `product` (`idproduct`) ON UPDATE CASCADE
) ENGINE=InnoDB AUTO_INCREMENT=3134 DEFAULT CHARSET=utf8;
/*!40101 SET character_set_client = @saved_cs_client */;

--
-- Dumping data for table `product_line`
--

LOCK TABLES `product_line` WRITE;
/*!40000 ALTER TABLE `product_line` DISABLE KEYS */;
INSERT INTO `product_line` VALUES (66,600,2,3,110),(67,190,4,4,110),(68,85.71428571428571,2,1,110),(69,600,2,3,110),(70,190,4,4,110),(71,85.71428571428571,2,1,110),(72,600,2,3,109),(73,190,4,4,109),(74,85.71428571428571,2,1,109),(75,600,2,3,109),(76,190,4,4,109),(77,85.71428571428571,2,1,109),(104,600,2,3,108),(105,190,4,4,108),(106,85.71428571428571,2,1,108),(160,600,2,3,107),(161,190,4,4,107),(162,85.71428571428571,2,1,107),(163,100,4,7,107),(196,370,3,2,112),(197,600,3,3,112),(198,190,15,4,112),(199,374.99999999999994,53,1,112),(200,540,34,7,112),(201,460,34,7,112),(216,370,3,2,113),(217,600,3,3,113),(218,190,15,4,113),(219,374.99999999999994,53,1,113),(220,540,34,7,113),(221,460,34,7,113),(230,600,2,3,114),(231,190,4,4,114),(232,85.71428571428571,2,1,114),(233,100,4,7,114),(234,190,2,6,114),(235,80,23,5,114),(242,370,168,2,115),(243,600,2688,3,115),(244,100090,5880,4,115),(245,596.4214711729622,33533,1,115),(246,540,60012,7,115),(247,280,3334,7,115),(248,370,3,2,118),(249,600,3,3,118),(250,190,15,4,118),(251,374.99999999999994,53,1,118),(252,540,34,7,118),(253,460,34,7,118),(254,370,3,2,119),(255,600,48,3,119),(256,190,105,4,119),(257,374.99999999999994,533,1,119),(258,540,612,7,119),(259,280,34,7,119),(266,370,3,2,120),(267,600,3,3,120),(268,190,15,4,120),(269,374.99999999999994,53,1,120),(270,540,34,7,120),(271,460,34,7,120),(276,600,2,3,121),(277,290,4,4,121),(278,150,5,1,121),(279,200,7,7,121),(448,0,1,8,124),(449,600,3,3,124),(450,190,6,4,124),(451,374.99999999999994,5,1,124),(452,100,34,7,124),(453,0,1,8,125),(454,370,3,2,125),(455,600,3,3,125),(456,190,15,4,125),(457,374.99999999999994,53,1,125),(458,540,34,7,125),(459,460,34,7,125),(460,0,1,8,126),(461,600,2,3,126),(462,190,4,4,126),(463,85.71428571428571,2,1,126),(464,100,4,7,126),(465,0,1,8,127),(466,600,2,3,127),(467,190,4,4,127),(468,85.71428571428571,2,1,127),(469,100,4,7,127),(470,0,1,8,128),(471,370,3,2,128),(472,600,3,3,128),(473,190,15,4,128),(474,374.99999999999994,53,1,128),(475,540,34,7,128),(476,460,34,7,128),(477,0,1,8,129),(478,370,3,2,129),(479,600,3,3,129),(480,190,15,4,129),(481,374.99999999999994,53,1,129),(482,540,34,7,129),(483,460,34,7,129),(484,0,1,8,130),(485,600,2,3,130),(486,190,4,4,130),(487,85.71428571428571,2,1,130),(488,100,4,7,130),(494,0,1,8,131),(495,600,2,3,131),(496,190,4,4,131),(497,85.71428571428571,2,1,131),(498,100,4,7,131),(499,0,1,8,132),(500,600,2,3,132),(501,190,4,4,132),(502,85.71428571428571,2,1,132),(503,100,4,7,132),(504,0,1,8,133),(505,600,2,3,133),(506,190,4,4,133),(507,85.71428571428571,2,1,133),(508,100,4,7,133),(509,0,1,8,134),(510,370,2,2,134),(511,600,2,3,134),(512,190,10,4,134),(513,85.71428571428571,23,1,134),(514,540,4,7,134),(515,460,4,7,134),(516,0,1,8,135),(517,600,2,3,135),(518,190,4,4,135),(519,85.71428571428571,2,1,135),(520,100,4,7,135),(521,0,1,8,136),(522,600,2,3,136),(523,190,4,4,136),(524,85.71428571428571,2,1,136),(525,100,4,7,136),(526,0,1,8,137),(527,593,4,2,137),(528,600,4,3,137),(529,211,20,4,137),(530,401.4340871483729,72,1,137),(531,540,82,7,137),(532,143,41,7,137),(533,0,1,8,138),(534,600,3,3,138),(535,190,6,4,138),(536,374.99999999999994,5,1,138),(537,100,34,7,138),(538,0,1,8,139),(539,600,2,3,139),(540,190,4,4,139),(541,85.71428571428571,2,1,139),(542,100,4,7,139),(543,0,1,8,140),(544,600,2,3,140),(545,190,4,4,140),(546,85.71428571428571,2,1,140),(547,100,4,7,140),(548,0,1,8,141),(549,600,2,3,141),(550,190,4,4,141),(551,85.71428571428571,2,1,141),(552,100,4,7,141),(553,0,1,8,142),(554,600,2,3,142),(555,190,4,4,142),(556,85.71428571428571,2,1,142),(557,100,4,7,142),(558,0,1,8,143),(559,370,2,2,143),(560,600,2,3,143),(561,190,10,4,143),(562,85.71428571428571,23,1,143),(563,540,4,7,143),(564,460,4,7,143),(565,0,1,8,144),(566,600,2,3,144),(567,190,4,4,144),(568,85.71428571428571,2,1,144),(569,100,4,7,144),(570,0,1,8,145),(571,600,2,3,145),(572,190,4,4,145),(573,85.71428571428571,2,1,145),(574,100,4,7,145),(575,190,3,6,145),(576,80,20,5,145),(577,0,1,8,146),(578,370,3,2,146),(579,600,3,3,146),(580,190,15,4,146),(581,374.99999999999994,53,1,146),(582,540,34,7,146),(583,460,34,7,146),(584,0,1,8,147),(585,200,10,2,147),(586,600,30,3,147),(587,190,80,4,147),(588,535.6453342867358,372,1,147),(589,540,501,7,147),(590,410,167,7,147),(591,190,3,6,147),(592,80,21,5,147),(593,0,1,8,148),(594,370,2,2,148),(595,600,2,3,148),(596,190,10,4,148),(597,85.71428571428571,23,1,148),(598,540,4,7,148),(599,460,4,7,148),(609,0,1,8,149),(610,70,2,2,149),(611,600,2,3,149),(612,190,8,4,149),(613,600,14,1,149),(614,540,21,7,149),(615,160,21,7,149),(616,190,3,6,149),(617,80,100,5,149),(618,0,1,8,150),(619,380,168,2,150),(620,600,27888,3,150),(621,590,56280,4,150),(622,596.4218268561773,335366,1,150),(623,540,616790,7,150),(624,110,3334,7,150),(625,590,1,6,150),(626,480,0,5,150),(644,0,1,8,151),(645,370,2,2,151),(646,600,2,3,151),(647,190,10,4,151),(648,85.71428571428571,23,1,151),(649,540,4,7,151),(650,460,4,7,151),(651,0,1,8,152),(652,600,2,3,152),(653,190,4,4,152),(654,85.71428571428571,2,1,152),(655,100,4,7,152),(661,0,1,8,154),(662,600,2,3,154),(663,190,4,4,154),(664,85.71428571428571,2,1,154),(665,100,4,7,154),(666,0,1,8,155),(667,600,2,3,155),(668,190,4,4,155),(669,85.71428571428571,2,1,155),(670,100,4,7,155),(671,190,5,6,155),(672,80,38,5,155),(673,0,1,8,156),(674,600,2,3,156),(675,190,4,4,156),(676,85.71428571428571,2,1,156),(677,100,4,7,156),(688,0,1,8,157),(689,600,2,3,157),(690,190,4,4,157),(691,85.71428571428571,2,1,157),(692,100,4,7,157),(693,0,1,8,159),(694,70,2,2,159),(695,600,2,3,159),(696,290,8,4,159),(697,600,14,1,159),(698,540,21,7,159),(699,160,21,7,159),(700,0,1,8,160),(701,600,2,3,160),(702,190,4,4,160),(703,85.71428571428571,2,1,160),(704,100,4,7,160),(705,0,1,8,161),(706,600,2,3,161),(707,190,4,4,161),(708,85.71428571428571,2,1,161),(709,100,4,7,161),(710,0,1,8,162),(711,600,2,3,162),(712,190,4,4,162),(713,85.71428571428571,2,1,162),(714,100,4,7,162),(715,0,1,8,163),(716,600,2,3,163),(717,190,4,4,163),(718,85.71428571428571,2,1,163),(719,100,4,7,163),(720,0,1,8,164),(721,600,2,3,164),(722,190,4,4,164),(723,85.71428571428571,2,1,164),(724,100,4,7,164),(725,0,1,8,165),(726,600,2,3,165),(727,190,4,4,165),(728,85.71428571428571,2,1,165),(729,100,4,7,165),(730,0,1,8,166),(731,600,2,3,166),(732,190,4,4,166),(733,85.71428571428571,2,1,166),(734,100,4,7,166),(735,0,1,8,167),(736,600,2,3,167),(737,190,4,4,167),(738,85.71428571428571,2,1,167),(739,100,4,7,167),(740,0,1,8,168),(741,600,2,3,168),(742,190,4,4,168),(743,85.71428571428571,2,1,168),(744,100,4,7,168),(750,0,1,8,170),(751,600,2,3,170),(752,190,4,4,170),(753,85.71428571428571,2,1,170),(754,100,4,7,170),(755,0,1,8,171),(756,600,2,3,171),(757,190,4,4,171),(758,85.71428571428571,2,1,171),(759,100,4,7,171),(760,0,1,8,172),(761,600,2,3,172),(762,190,4,4,172),(763,85.71428571428571,2,1,172),(764,100,4,7,172),(765,0,1,8,173),(766,600,2,3,173),(767,190,4,4,173),(768,85.71428571428571,2,1,173),(769,100,4,7,173),(775,0,1,8,174),(776,600,2,3,174),(777,190,4,4,174),(778,85.71428571428571,2,1,174),(779,100,4,7,174),(780,0,1,8,175),(781,600,2,3,175),(782,190,4,4,175),(783,85.71428571428571,2,1,175),(784,100,4,7,175),(785,0,1,8,176),(786,600,2,3,176),(787,190,4,4,176),(788,85.71428571428571,2,1,176),(789,100,4,7,176),(790,0,1,8,177),(791,600,2,3,177),(792,190,4,4,177),(793,85.71428571428571,2,1,177),(794,100,4,7,177),(800,0,1,8,169),(801,600,2,3,169),(802,190,4,4,169),(803,85.71428571428571,2,1,169),(804,100,4,7,169),(805,0,1,8,178),(806,600,2,3,178),(807,190,4,4,178),(808,85.71428571428571,2,1,178),(809,100,4,7,178),(815,0,1,8,179),(816,600,2,3,179),(817,290,4,4,179),(818,200,6,1,179),(819,201,11,7,179),(820,0,1,8,180),(821,270,3,2,180),(822,600,3,3,180),(823,300,12,4,180),(824,342.8571428571429,41,1,180),(825,540,27,7,180),(826,360,27,7,180),(827,300,3,6,180),(828,190,210,5,180),(829,0,1,8,181),(830,70,2,2,181),(831,600,2,3,181),(832,290,8,4,181),(833,600,14,1,181),(834,540,21,7,181),(835,160,21,7,181),(843,0,1,8,183),(844,600,2,3,183),(845,190,4,4,183),(846,85.71428571428571,2,1,183),(847,100,4,7,183),(848,0,1,8,184),(849,600,2,3,184),(850,190,4,4,184),(851,85.71428571428571,2,1,184),(852,100,4,7,184),(853,0,1,8,185),(854,600,2,3,185),(855,190,4,4,185),(856,85.71428571428571,2,1,185),(857,100,4,7,185),(858,0,1,8,186),(859,600,2,3,186),(860,190,4,4,186),(861,85.71428571428571,2,1,186),(862,100,4,7,186),(863,0,1,8,187),(864,600,2,3,187),(865,190,4,4,187),(866,85.71428571428571,2,1,187),(867,100,4,7,187),(911,0,1,8,182),(912,70,2,2,182),(913,600,2,3,182),(914,290,8,4,182),(915,600,14,1,182),(916,540,21,7,182),(917,160,21,7,182),(954,0,1,8,188),(955,600,2,3,188),(956,190,6,4,188),(957,600,12,1,188),(958,540,21,7,188),(959,60,21,7,188),(960,190,3,6,188),(961,80,75,5,188),(962,0,1,8,189),(963,600,2,3,189),(964,190,4,4,189),(965,85.71428571428571,2,1,189),(966,100,4,7,189),(972,0,1,8,191),(973,600,2,3,191),(974,190,4,4,191),(975,85.71428571428571,2,1,191),(976,100,4,7,191),(977,0,1,8,192),(978,600,2,3,192),(979,190,4,4,192),(980,85.71428571428571,2,1,192),(981,100,4,7,192),(982,0,1,8,193),(983,600,2,3,193),(984,190,4,4,193),(985,85.71428571428571,2,1,193),(986,100,4,7,193),(987,0,1,8,194),(988,600,2,3,194),(989,190,4,4,194),(990,85.71428571428571,2,1,194),(991,100,4,7,194),(992,0,1,8,195),(993,600,2,3,195),(994,190,4,4,195),(995,85.71428571428571,2,1,195),(996,100,4,7,195),(997,0,1,8,196),(998,600,2,3,196),(999,190,4,4,196),(1000,85.71428571428571,2,1,196),(1001,100,4,7,196),(1002,0,1,8,197),(1003,600,2,3,197),(1004,190,4,4,197),(1005,85.71428571428571,2,1,197),(1006,100,4,7,197),(1007,0,1,8,198),(1008,600,2,3,198),(1009,190,4,4,198),(1010,85.71428571428571,2,1,198),(1011,100,4,7,198),(1012,0,1,8,199),(1013,600,2,3,199),(1014,190,4,4,199),(1015,85.71428571428571,2,1,199),(1016,100,4,7,199),(1022,0,1,8,200),(1023,600,2,3,200),(1024,190,4,4,200),(1025,85.71428571428571,2,1,200),(1026,100,4,7,200),(1027,0,1,8,201),(1028,600,2,3,201),(1029,190,4,4,201),(1030,85.71428571428571,2,1,201),(1031,100,4,7,201),(1037,0,1,8,202),(1038,600,2,3,202),(1039,290,4,4,202),(1040,150,5,1,202),(1041,200,7,7,202),(1042,0,1,8,190),(1043,600,2,3,190),(1044,190,4,4,190),(1045,85.71428571428571,2,1,190),(1046,100,4,7,190),(1047,0,1,8,203),(1048,370,11,2,203),(1049,600,121,3,203),(1050,190,275,4,203),(1051,600,1400,1,203),(1052,540,2412,7,203),(1053,520,201,7,203),(1054,190,4,6,203),(1055,80,375,5,203),(1066,0,1,8,206),(1067,600,2,3,206),(1068,190,4,4,206),(1069,85.71428571428571,2,1,206),(1070,100,4,7,206),(1071,0,1,8,207),(1072,70,2,2,207),(1073,600,2,3,207),(1074,300,8,4,207),(1075,600,14,1,207),(1076,540,21,7,207),(1077,160,21,7,207),(1078,300,2,6,207),(1079,190,172,5,207),(1080,0,1,8,208),(1081,70,2,2,208),(1082,600,2,3,208),(1083,300,8,4,208),(1084,600,14,1,208),(1085,540,21,7,208),(1086,160,21,7,208),(1087,300,2,6,208),(1088,190,172,5,208),(1089,0,1,8,209),(1090,70,2,2,209),(1091,600,2,3,209),(1092,300,8,4,209),(1093,600,14,1,209),(1094,540,21,7,209),(1095,160,21,7,209),(1096,300,2,6,209),(1097,190,172,5,209),(1107,0,1,8,211),(1108,70,2,2,211),(1109,600,2,3,211),(1110,300,8,4,211),(1111,600,14,1,211),(1112,540,21,7,211),(1113,160,21,7,211),(1114,300,2,6,211),(1115,190,172,5,211),(1116,0,1,8,212),(1117,600,2,3,212),(1118,190,4,4,212),(1119,85.71428571428571,2,1,212),(1120,100,4,7,212),(1121,0,1,8,213),(1122,600,2,3,213),(1123,190,4,4,213),(1124,85.71428571428571,2,1,213),(1125,100,4,7,213),(1136,0,1,8,214),(1137,600,2,3,214),(1138,190,4,4,214),(1139,85.71428571428571,2,1,214),(1140,100,4,7,214),(1141,0,1,8,215),(1142,370,2,2,215),(1143,600,2,3,215),(1144,190,10,4,215),(1145,85.71428571428571,23,1,215),(1146,540,4,7,215),(1147,460,4,7,215),(1148,0,1,8,216),(1149,600,2,3,216),(1150,190,4,4,216),(1151,85.71428571428571,2,1,216),(1152,100,4,7,216),(1413,0,1,8,218),(1414,70,2,2,218),(1415,600,2,3,218),(1416,190,8,4,218),(1417,600,14,1,218),(1418,540,21,7,218),(1419,160,21,7,218),(1420,600,2,3,219),(1421,190,4,4,219),(1422,85.71428571428571,2,1,219),(1423,100,4,7,219),(1424,100,1,8,219),(1425,481,3,2,220),(1426,600,3,3,220),(1427,201,15,4,220),(1428,389.5967270601987,62,1,220),(1429,540,76,7,220),(1430,31,38,7,220),(1431,600,2,8,220),(1432,511,2,8,220),(1433,369,3,2,221),(1434,600,3,3,221),(1435,201,15,4,221),(1436,374.859287054409,50,1,221),(1437,540,34,7,221),(1438,459,34,7,221),(1439,600,2,8,221),(1440,399,2,8,221),(1459,0,1,8,222),(1460,70,2,2,222),(1461,600,2,3,222),(1462,300,8,4,222),(1463,600,14,1,222),(1464,540,21,7,222),(1465,160,21,7,222),(1466,300,2,6,222),(1467,190,173,5,222),(1468,370,2,2,223),(1469,600,2,3,223),(1470,190,10,4,223),(1471,85.71428571428571,23,1,223),(1472,540,4,7,223),(1473,460,4,7,223),(1474,600,1,8,223),(1475,400,1,8,223),(1476,190,5,6,223),(1477,80,151,5,223),(1486,370,2,2,224),(1487,600,2,3,224),(1488,190,10,4,224),(1489,85.71428571428571,23,1,224),(1490,540,4,7,224),(1491,460,4,7,224),(1492,600,1,8,224),(1493,400,1,8,224),(1494,370,3,2,225),(1495,600,3,3,225),(1496,190,15,4,225),(1497,374.99999999999994,53,1,225),(1498,540,34,7,225),(1499,460,34,7,225),(1500,600,2,8,225),(1501,400,2,8,225),(1502,190,5,6,225),(1503,80,375,5,225),(1700,600,2,3,204),(1701,190,4,4,204),(1702,85.71428571428571,2,1,204),(1703,100,4,7,204),(1704,100,1,8,204),(1729,370,2,2,227),(1730,600,2,3,227),(1731,190,10,4,227),(1732,85.71428571428571,23,1,227),(1733,540,4,7,227),(1734,460,4,7,227),(1735,600,1,8,227),(1736,400,1,8,227),(1769,370,3,2,231),(1770,600,3,3,231),(1771,190,15,4,231),(1772,374.99999999999994,53,1,231),(1773,540,34,7,231),(1774,460,34,7,231),(1775,600,2,8,231),(1776,400,2,8,231),(1905,600,24,1,217),(1906,600,3,3,217),(1907,190,9,4,217),(1908,540,41,7,217),(1909,61,41,7,217),(1910,600,116,8,217),(1911,1,116,8,217),(1912,190,3,6,217),(1913,80,12,5,217),(1924,374.99999999999994,53,1,232),(1925,370,3,2,232),(1926,600,3,3,232),(1927,190,15,4,232),(1928,540,34,7,232),(1929,460,34,7,232),(1930,600,2,8,232),(1931,400,2,8,232),(2023,600,14,1,243),(2024,70,2,2,243),(2025,600,2,3,243),(2026,300,8,4,243),(2027,540,21,7,243),(2028,160,21,7,243),(2029,600,2,8,243),(2030,100,2,8,243),(2031,300,2,6,243),(2032,190,160,5,243),(2099,600,14,1,244),(2100,70,2,2,244),(2101,600,2,3,244),(2102,300,8,4,244),(2103,540,21,7,244),(2104,160,21,7,244),(2105,600,2,8,244),(2106,100,2,8,244),(2107,300,2,6,244),(2108,190,160,5,244),(2109,374.99999999999994,53,1,245),(2110,370,3,2,245),(2111,600,3,3,245),(2112,190,15,4,245),(2113,540,34,7,245),(2114,460,34,7,245),(2115,600,2,8,245),(2116,400,2,8,245),(2139,374.99999999999994,10,1,228),(2140,600,3,3,228),(2141,190,6,4,228),(2142,200,34,7,228),(2143,200,96,8,228),(2144,190,3,6,228),(2145,80,260,5,228),(2175,323.07692307692304,39,1,247),(2176,270,3,2,247),(2177,600,3,3,247),(2178,240,12,4,247),(2179,540,24,7,247),(2180,360,24,7,247),(2181,600,2,8,247),(2182,300,2,8,247),(2183,240,2,6,247),(2184,130,110,5,247),(2898,600,14,1,257),(2899,70,2,2,257),(2900,600,2,3,257),(2901,300,8,4,257),(2902,540,21,7,257),(2903,160,21,7,257),(2904,600,2,8,257),(2905,100,2,8,257),(3006,600,14,1,259),(3007,70,2,2,259),(3008,600,2,3,259),(3009,300,8,4,259),(3010,540,21,7,259),(3011,160,21,7,259),(3012,600,2,8,259),(3013,100,2,8,259),(3060,600,14,1,260),(3061,70,2,2,260),(3062,600,2,3,260),(3063,300,8,4,260),(3064,540,21,7,260),(3065,160,21,7,260),(3066,600,2,8,260),(3067,100,2,8,260),(3126,600,14,1,262),(3127,70,2,2,262),(3128,600,2,3,262),(3129,300,8,4,262),(3130,540,21,7,262),(3131,160,21,7,262),(3132,600,2,8,262),(3133,100,2,8,262);
/*!40000 ALTER TABLE `product_line` ENABLE KEYS */;
UNLOCK TABLES;

--
-- Table structure for table `role`
--

DROP TABLE IF EXISTS `role`;
/*!40101 SET @saved_cs_client     = @@character_set_client */;
/*!40101 SET character_set_client = utf8 */;
CREATE TABLE `role` (
  `idrole` int(11) NOT NULL AUTO_INCREMENT,
  `authentication_level` int(2) NOT NULL DEFAULT '0',
  `name` varchar(20) NOT NULL,
  PRIMARY KEY (`idrole`)
) ENGINE=InnoDB AUTO_INCREMENT=4 DEFAULT CHARSET=utf8;
/*!40101 SET character_set_client = @saved_cs_client */;

--
-- Dumping data for table `role`
--

LOCK TABLES `role` WRITE;
/*!40000 ALTER TABLE `role` DISABLE KEYS */;
INSERT INTO `role` VALUES (1,1,'salesman'),(2,2,'admin'),(3,3,'God');
/*!40000 ALTER TABLE `role` ENABLE KEYS */;
UNLOCK TABLES;

--
-- Table structure for table `tile`
--

DROP TABLE IF EXISTS `tile`;
/*!40101 SET @saved_cs_client     = @@character_set_client */;
/*!40101 SET character_set_client = utf8 */;
CREATE TABLE `tile` (
  `idtile` int(11) NOT NULL AUTO_INCREMENT,
  `name` varchar(45) NOT NULL,
  `description` varchar(280) NOT NULL,
  `price` double DEFAULT NULL,
  PRIMARY KEY (`idtile`)
) ENGINE=InnoDB AUTO_INCREMENT=57 DEFAULT CHARSET=utf8;
/*!40101 SET character_set_client = @saved_cs_client */;

--
-- Dumping data for table `tile`
--

LOCK TABLES `tile` WRITE;
/*!40000 ALTER TABLE `tile` DISABLE KEYS */;
INSERT INTO `tile` VALUES (23,'Imbrex','The imbrex and tegula (plurals imbrices and tegulae) were overlapping roof tiles used in ancient Greek and Roman architecture as a waterproof and durable roof covering.',15),(24,'Monk','A roof of Monk and Nun tiles\r\nMonk and Nun is a style of roof similar to Imbrex and tegula, but instead of using a flat tile (tegula) and an arched tile (imbrex), two arched imbrex tiles are used.',10),(25,'Dutch','The production of Dutch roof tiles started in the 14th century when the use of fireproof building materials was ordained by government.',12),(26,'Mangalore','These tiles are native to Mangalore, a city in the former South Canara district on the western coast of India. ',14),(27,'Tegula','The imbrex and tegula (plurals imbrices and tegulae) were overlapping roof tiles used in ancient Greek and Roman architecture as a waterproof and durable roof covering.',16);
/*!40000 ALTER TABLE `tile` ENABLE KEYS */;
UNLOCK TABLES;

--
-- Current Database: `fog_test`
--

CREATE DATABASE /*!32312 IF NOT EXISTS*/ `fog_test` /*!40100 DEFAULT CHARACTER SET utf8 */;

USE `fog_test`;

--
-- Table structure for table `cladding`
--

DROP TABLE IF EXISTS `cladding`;
/*!40101 SET @saved_cs_client     = @@character_set_client */;
/*!40101 SET character_set_client = utf8 */;
CREATE TABLE `cladding` (
  `idcladding` int(11) NOT NULL AUTO_INCREMENT,
  `name` varchar(45) NOT NULL,
  `description` varchar(280) NOT NULL,
  `price` double DEFAULT NULL,
  PRIMARY KEY (`idcladding`)
) ENGINE=InnoDB AUTO_INCREMENT=20 DEFAULT CHARSET=utf8;
/*!40101 SET character_set_client = @saved_cs_client */;

--
-- Dumping data for table `cladding`
--

LOCK TABLES `cladding` WRITE;
/*!40000 ALTER TABLE `cladding` DISABLE KEYS */;
INSERT INTO `cladding` VALUES (1,'whitewoodk','This is a desciption of the woodtype!',4),(2,'Oak','oak2',123),(3,'wood','wood2 ',12),(4,'birk','birk2 ',13);
/*!40000 ALTER TABLE `cladding` ENABLE KEYS */;
UNLOCK TABLES;

--
-- Table structure for table `employee`
--

DROP TABLE IF EXISTS `employee`;
/*!40101 SET @saved_cs_client     = @@character_set_client */;
/*!40101 SET character_set_client = utf8 */;
CREATE TABLE `employee` (
  `idemployee` int(11) NOT NULL AUTO_INCREMENT,
  `username` varchar(10) NOT NULL,
  `roleid` int(11) DEFAULT NULL,
  `firstname` varchar(25) NOT NULL,
  `lastname` varchar(20) NOT NULL,
  `password` varchar(45) NOT NULL,
  `email` varchar(45) NOT NULL,
  `employed` tinyint(4) NOT NULL DEFAULT '1',
  `date_created` datetime DEFAULT CURRENT_TIMESTAMP,
  `reset_password` tinyint(4) NOT NULL DEFAULT '1',
  `salt` varchar(45) DEFAULT '',
  PRIMARY KEY (`idemployee`,`username`),
  KEY `fk_employee_role_idx` (`roleid`),
  CONSTRAINT `fk_employee_role` FOREIGN KEY (`roleid`) REFERENCES `role` (`idrole`) ON DELETE SET NULL ON UPDATE CASCADE
) ENGINE=InnoDB AUTO_INCREMENT=9 DEFAULT CHARSET=utf8;
/*!40101 SET character_set_client = @saved_cs_client */;

--
-- Dumping data for table `employee`
--

LOCK TABLES `employee` WRITE;
/*!40000 ALTER TABLE `employee` DISABLE KEYS */;
INSERT INTO `employee` VALUES (1,'Nikolai123',2,'Nikolai','Perlt','1234','Nikolai@gmail.com',1,'2018-06-10 18:22:56',1,'salt'),(2,'Larsen',1,'Adam','Lass','LassLass','Adam@gmail.com',1,'2018-06-10 18:22:56',1,'mille'),(3,'Per',2,'Per','Andersen','Hej','Per@gmail.com',1,'2018-06-10 18:22:56',0,'fdsfdsasd');
/*!40000 ALTER TABLE `employee` ENABLE KEYS */;
UNLOCK TABLES;

--
-- Table structure for table `event`
--

DROP TABLE IF EXISTS `event`;
/*!40101 SET @saved_cs_client     = @@character_set_client */;
/*!40101 SET character_set_client = utf8 */;
CREATE TABLE `event` (
  `idevent` int(11) NOT NULL AUTO_INCREMENT,
  `idevent_type` int(11) NOT NULL,
  `idorder` int(11) DEFAULT NULL,
  `date` datetime DEFAULT CURRENT_TIMESTAMP,
  `employee` int(11) DEFAULT NULL,
  PRIMARY KEY (`idevent`),
  KEY `fk_event_order_idx` (`idorder`),
  KEY `fk_event_event_type_idx` (`idevent_type`),
  KEY `fk_event_employee_idx` (`employee`),
  CONSTRAINT `fk_event_employee` FOREIGN KEY (`employee`) REFERENCES `employee` (`idemployee`) ON DELETE NO ACTION ON UPDATE CASCADE,
  CONSTRAINT `fk_event_event_type` FOREIGN KEY (`idevent_type`) REFERENCES `event_type` (`idevent_type`) ON DELETE NO ACTION ON UPDATE NO ACTION,
  CONSTRAINT `fk_event_order` FOREIGN KEY (`idorder`) REFERENCES `order` (`idorder`) ON DELETE NO ACTION ON UPDATE NO ACTION
) ENGINE=InnoDB AUTO_INCREMENT=81 DEFAULT CHARSET=utf8;
/*!40101 SET character_set_client = @saved_cs_client */;

--
-- Dumping data for table `event`
--

LOCK TABLES `event` WRITE;
/*!40000 ALTER TABLE `event` DISABLE KEYS */;
INSERT INTO `event` VALUES (1,1,1,'2018-05-08 20:16:12',1),(2,2,1,'2018-05-08 20:16:12',1),(3,3,2,'2018-05-08 20:16:12',0),(4,4,2,'2018-05-08 20:16:12',0);
/*!40000 ALTER TABLE `event` ENABLE KEYS */;
UNLOCK TABLES;

--
-- Table structure for table `event_type`
--

DROP TABLE IF EXISTS `event_type`;
/*!40101 SET @saved_cs_client     = @@character_set_client */;
/*!40101 SET character_set_client = utf8 */;
CREATE TABLE `event_type` (
  `idevent_type` int(11) NOT NULL AUTO_INCREMENT,
  `name` varchar(45) NOT NULL,
  `access_level` int(11) NOT NULL DEFAULT '0',
  `title` varchar(45) NOT NULL,
  `description` varchar(205) NOT NULL,
  `statuscolor` varchar(45) NOT NULL DEFAULT '',
  PRIMARY KEY (`idevent_type`)
) ENGINE=InnoDB AUTO_INCREMENT=7 DEFAULT CHARSET=utf8;
/*!40101 SET character_set_client = @saved_cs_client */;

--
-- Dumping data for table `event_type`
--

LOCK TABLES `event_type` WRITE;
/*!40000 ALTER TABLE `event_type` DISABLE KEYS */;
INSERT INTO `event_type` VALUES (1,'Order Created',0,'Request Submitted!','You have received an email with the details of your order. We will contact you once we have processed your request.',''),(2,'Order Confirmed',0,'Order Confirmed','Your order has been comfirmed by one of our employees. You will be contacted regarding the payment soon.','bg-success text-white'),(3,'Order Deleted',0,'Order has been deleted!','Order was deleted.','bg-danger text-white'),(4,'Order Updated',0,'Order updated!','Your order has been updated with new specifications.','bg-warning text-white'),(5,'Order Unconfirmed',0,'Order has been unconfirmed','Your order was unconfirmed by one of our employees. Please contact our support team for more information!','bg-danger text-white'),(6,'Employee Login',2,'Employee logged in','Employee logged in','bg-light text-dark');
/*!40000 ALTER TABLE `event_type` ENABLE KEYS */;
UNLOCK TABLES;

--
-- Table structure for table `order`
--

DROP TABLE IF EXISTS `order`;
/*!40101 SET @saved_cs_client     = @@character_set_client */;
/*!40101 SET character_set_client = utf8 */;
CREATE TABLE `order` (
  `idorder` int(11) NOT NULL AUTO_INCREMENT,
  `confirmed` tinyint(4) NOT NULL DEFAULT '0',
  `date` datetime DEFAULT CURRENT_TIMESTAMP,
  `firstname` varchar(45) NOT NULL,
  `lastname` varchar(45) DEFAULT NULL,
  `email` varchar(45) NOT NULL,
  `phonenumber` int(11) DEFAULT NULL,
  `length` int(11) NOT NULL,
  `width` int(11) NOT NULL,
  `height` int(11) NOT NULL,
  `roofangle` double DEFAULT NULL,
  `shed` tinyint(4) NOT NULL DEFAULT '0',
  `shed_length` int(11) DEFAULT NULL,
  `shed_width` int(11) DEFAULT NULL,
  `tile` int(11) DEFAULT NULL,
  `cladding` int(11) DEFAULT NULL,
  `price` double NOT NULL DEFAULT '0',
  PRIMARY KEY (`idorder`),
  KEY `fk_order_tile1_idx` (`tile`),
  KEY `fk_order_cladding_idx` (`cladding`),
  CONSTRAINT `fk_order_cladding` FOREIGN KEY (`cladding`) REFERENCES `cladding` (`idcladding`) ON DELETE SET NULL,
  CONSTRAINT `fk_order_tile` FOREIGN KEY (`tile`) REFERENCES `tile` (`idtile`) ON DELETE SET NULL
) ENGINE=InnoDB AUTO_INCREMENT=101 DEFAULT CHARSET=utf8;
/*!40101 SET character_set_client = @saved_cs_client */;

--
-- Dumping data for table `order`
--

LOCK TABLES `order` WRITE;
/*!40000 ALTER TABLE `order` DISABLE KEYS */;
INSERT INTO `order` VALUES (1,0,'2018-06-10 18:22:56','Nikolai','Perlt','Nikolai@gmail.com',12545678,700,600,200,0,1,200,200,1,1,0),(2,0,'2018-06-10 18:22:56','Adam','LAss','Lass@gmail.com',12346678,500,600,200,0,1,200,200,1,1,0),(3,0,'2018-06-10 18:22:56','Per','Andern','Per@gmail.com',12345778,780,600,200,0,1,200,200,1,1,0),(4,0,'2018-06-10 18:22:56','Pernille','Jensen','Pernille@gmail.com',12348678,1200,600,200,0,1,200,200,1,1,0);
/*!40000 ALTER TABLE `order` ENABLE KEYS */;
UNLOCK TABLES;

--
-- Table structure for table `product`
--

DROP TABLE IF EXISTS `product`;
/*!40101 SET @saved_cs_client     = @@character_set_client */;
/*!40101 SET character_set_client = utf8 */;
CREATE TABLE `product` (
  `idproduct` int(11) NOT NULL AUTO_INCREMENT,
  `title` varchar(100) NOT NULL,
  `length` double DEFAULT NULL,
  `unit` varchar(45) NOT NULL DEFAULT '"pcs"',
  `description` varchar(205) NOT NULL,
  `price` double NOT NULL DEFAULT '0',
  PRIMARY KEY (`idproduct`)
) ENGINE=InnoDB AUTO_INCREMENT=9 DEFAULT CHARSET=utf8;
/*!40101 SET character_set_client = @saved_cs_client */;

--
-- Dumping data for table `product`
--

LOCK TABLES `product` WRITE;
/*!40000 ALTER TABLE `product` DISABLE KEYS */;
INSERT INTO `product` VALUES (1,'Rafter',600,'pcs','Used on beam',95),(2,'Beam',600,'pcs','Used together with the poles to support the rafters. This is the end piece!',97),(3,'Beam',600,'pcs','Used together with the poles to support the rafters.',97),(4,'Pole',300,'pcs','Used to support the beams',305),(5,'Cladding',210,'pcs','Cladding used og the shed',0),(6,'Pole',300,'pcs','Purposed for shed.',305),(7,'Lath',540,'pcs','Used for mounting on rafters to hold the roof.',24),(8,'Tile',600,'pcs','Used for roof',0);
/*!40000 ALTER TABLE `product` ENABLE KEYS */;
UNLOCK TABLES;

--
-- Table structure for table `product_line`
--

DROP TABLE IF EXISTS `product_line`;
/*!40101 SET @saved_cs_client     = @@character_set_client */;
/*!40101 SET character_set_client = utf8 */;
CREATE TABLE `product_line` (
  `idproduct_line` int(11) NOT NULL AUTO_INCREMENT,
  `length_used` double DEFAULT NULL,
  `amount` int(11) NOT NULL DEFAULT '0',
  `idproduct` int(11) NOT NULL,
  `idorder` int(11) NOT NULL,
  PRIMARY KEY (`idproduct_line`),
  KEY `fk_line_product_idx` (`idproduct`),
  KEY `fk_line_order_idx` (`idorder`),
  CONSTRAINT `fk_line_order` FOREIGN KEY (`idorder`) REFERENCES `order` (`idorder`) ON DELETE CASCADE ON UPDATE CASCADE,
  CONSTRAINT `fk_line_product` FOREIGN KEY (`idproduct`) REFERENCES `product` (`idproduct`) ON UPDATE CASCADE
) ENGINE=InnoDB AUTO_INCREMENT=962 DEFAULT CHARSET=utf8;
/*!40101 SET character_set_client = @saved_cs_client */;

--
-- Dumping data for table `product_line`
--

LOCK TABLES `product_line` WRITE;
/*!40000 ALTER TABLE `product_line` DISABLE KEYS */;
INSERT INTO `product_line` VALUES (1,600,2,1,2),(2,400,10,8,1),(3,210,22,5,4),(4,600,5,2,3),(6,450,5,2,3);
/*!40000 ALTER TABLE `product_line` ENABLE KEYS */;
UNLOCK TABLES;

--
-- Table structure for table `role`
--

DROP TABLE IF EXISTS `role`;
/*!40101 SET @saved_cs_client     = @@character_set_client */;
/*!40101 SET character_set_client = utf8 */;
CREATE TABLE `role` (
  `idrole` int(11) NOT NULL AUTO_INCREMENT,
  `authentication_level` int(2) NOT NULL DEFAULT '0',
  `name` varchar(20) NOT NULL,
  PRIMARY KEY (`idrole`)
) ENGINE=InnoDB AUTO_INCREMENT=3 DEFAULT CHARSET=utf8;
/*!40101 SET character_set_client = @saved_cs_client */;

--
-- Dumping data for table `role`
--

LOCK TABLES `role` WRITE;
/*!40000 ALTER TABLE `role` DISABLE KEYS */;
INSERT INTO `role` VALUES (1,1,'salesman'),(2,2,'admin');
/*!40000 ALTER TABLE `role` ENABLE KEYS */;
UNLOCK TABLES;

--
-- Table structure for table `tile`
--

DROP TABLE IF EXISTS `tile`;
/*!40101 SET @saved_cs_client     = @@character_set_client */;
/*!40101 SET character_set_client = utf8 */;
CREATE TABLE `tile` (
  `idtile` int(11) NOT NULL AUTO_INCREMENT,
  `name` varchar(45) NOT NULL,
  `description` varchar(280) NOT NULL,
  `price` double DEFAULT NULL,
  PRIMARY KEY (`idtile`)
) ENGINE=InnoDB AUTO_INCREMENT=18 DEFAULT CHARSET=utf8;
/*!40101 SET character_set_client = @saved_cs_client */;

--
-- Dumping data for table `tile`
--

LOCK TABLES `tile` WRITE;
/*!40000 ALTER TABLE `tile` DISABLE KEYS */;
INSERT INTO `tile` VALUES (1,'Adams','Adam har lanceret hans helt egen tile. han er meget stolt og glaeder sig super meget til at vise jeg hvad han har arbejdet paa',75),(2,'Nikolai Tile','Bedre end Adams',100),(3,'Per Tile','Bedre end Nikolais',111),(4,'Pernille Tile','Bedre end Pers',222);
/*!40000 ALTER TABLE `tile` ENABLE KEYS */;
UNLOCK TABLES;
/*!40103 SET TIME_ZONE=@OLD_TIME_ZONE */;

/*!40101 SET SQL_MODE=@OLD_SQL_MODE */;
/*!40014 SET FOREIGN_KEY_CHECKS=@OLD_FOREIGN_KEY_CHECKS */;
/*!40014 SET UNIQUE_CHECKS=@OLD_UNIQUE_CHECKS */;
/*!40101 SET CHARACTER_SET_CLIENT=@OLD_CHARACTER_SET_CLIENT */;
/*!40101 SET CHARACTER_SET_RESULTS=@OLD_CHARACTER_SET_RESULTS */;
/*!40101 SET COLLATION_CONNECTION=@OLD_COLLATION_CONNECTION */;
/*!40111 SET SQL_NOTES=@OLD_SQL_NOTES */;

-- Dump completed on 2018-06-13  2:30:06
